Customer,Item
1,Bologna
1,Bread
1,Butter
1,Cereal
1,Cheese
1,Chips
1,Eggs
1,Hotdogs
1,Milk
1,Oranges
1,Soda
2,Bananas
2,Bologna
2,Buns
2,Cereal
2,Cheese
2,Chips
2,Eggs
2,Mustard
2,Oranges
2,Pickles
3,Bologna
3,Bread
3,Buns
3,Butter
3,Cereal
3,Hotdogs
3,Mayo
4,Bread
4,Buns
4,Cereal
4,Chips
4,Hotdogs
4,Mayo
5,Bologna
5,Bread
5,Butter
5,Cereal
5,Cheese
5,Chips
5,Eggs
5,Mayo
5,Milk
5,Mustard
6,Bananas
6,Bologna
6,Bread
6,Buns
6,Cereal
7,Bologna
7,Buns
7,Butter
7,Cheese
7,Chips
7,Eggs
7,Hotdogs
7,Mustard
8,Bananas
8,Bologna
8,Buns
8,Cheese
8,Chips
8,Mayo
9,Bread
9,Buns
9,Butter
9,Cheese
9,Chips
9,Eggs
9,Mayo
9,Milk
9,Mustard
9,Pickles
10,Butter
10,Eggs
10,Milk
11,Bananas
11,Bologna
11,Bread
11,Buns
11,Butter
11,Cheese
11,Chips
11,Mayo
11,Pickles
12,Bananas
12,Bologna
12,Butter
12,Cereal
12,Chips
12,Oranges
13,Buns
13,Butter
13,Cheese
13,Chips
13,Mayo
13,Pickles
14,Bananas
14,Bologna
14,Bread
14,Buns
14,Butter
14,Cheese
14,Chips
14,Eggs
14,Hotdogs
14,Mayo
14,Milk
15,Bread
15,Buns
15,Cereal
15,Cheese
15,Chips
15,Milk
15,Mustard
16,Bananas
16,Bologna
16,Bread
16,Buns
16,Cheese
16,Chips
16,Mayo
17,Bologna
17,Buns
17,Butter
17,Cereal
17,Chips
17,Hotdogs
17,Mustard
18,Bologna
18,Bread
18,Buns
18,Butter
18,Cereal
18,Cheese
18,Hotdogs
18,Mustard
19,Bananas
19,Bologna
19,Bread
19,Butter
19,Cereal
19,Chips
19,Eggs
19,Mayo
19,Oranges
19,Soda
20,Bananas
20,Bologna
20,Bread
20,Cereal
20,Cheese
20,Chips
20,Eggs
20,Hotdogs
20,Milk
20,Oranges
20,Pickles
21,Bologna
21,Bread
21,Butter
21,Cereal
21,Chips
21,Mayo
21,Milk
22,Bologna
22,Bread
22,Butter
22,Cereal
22,Cheese
22,Chips
22,Hotdogs
22,Mayo
22,Pickles
23,Bananas
23,Buns
23,Butter
23,Cheese
23,Chips
23,Hotdogs
23,Milk
23,Pickles
24,Bananas
24,Buns
24,Cereal
24,Chips
24,Hotdogs
24,Mustard
24,Soda
25,Bananas
25,Bologna
25,Bread
25,Butter
25,Cereal
25,Cheese
25,Chips
25,Eggs
25,Mayo
25,Milk
25,Mustard
26,Butter
26,Cheese
26,Chips
26,Milk
26,Soda
27,Bread
27,Buns
27,Butter
27,Cereal
27,Hotdogs
27,Mayo
27,Milk
28,Bologna
28,Buns
28,Cereal
28,Cheese
28,Eggs
28,Mustard
29,Bananas
29,Bread
29,Buns
29,Butter
29,Cereal
29,Cheese
29,Hotdogs
29,Oranges
30,Bananas
30,Bread
30,Buns
30,Cereal
30,Chips
30,Hotdogs
30,Mayo
30,Mustard
31,Bananas
31,Bologna
31,Bread
31,Buns
31,Butter
31,Cereal
31,Cheese
31,Chips
31,Eggs
31,Mayo
32,Butter
32,Cereal
32,Mayo
32,Milk
33,Bananas
33,Bologna
33,Bread
33,Buns
33,Cheese
33,Chips
33,Hotdogs
33,Oranges
34,Bananas
34,Bologna
34,Bread
34,Buns
34,Cereal
34,Cheese
34,Hotdogs
34,Mustard
35,Bologna
35,Bread
35,Buns
35,Cereal
35,Chips
35,Eggs
35,Milk
36,Bread
36,Butter
36,Cheese
36,Chips
36,Hotdogs
36,Mustard
36,Soda
37,Bologna
37,Bread
37,Buns
37,Cereal
37,Cheese
37,Chips
37,Hotdogs
37,Mayo
37,Milk
37,Oranges
38,Bananas
38,Buns
38,Chips
38,Mayo
39,Bananas
39,Bologna
39,Bread
39,Cereal
39,Cheese
39,Chips
39,Eggs
39,Hotdogs
40,Bananas
40,Bread
40,Butter
40,Cereal
40,Chips
40,Milk
40,Mustard
41,Bologna
41,Buns
41,Cheese
41,Chips
41,Eggs
41,Milk
42,Bananas
42,Bologna
42,Bread
42,Buns
42,Cheese
42,Eggs
43,Bread
43,Butter
43,Cereal
43,Cheese
43,Chips
43,Eggs
43,Hotdogs
43,Mayo
44,Bread
44,Butter
44,Cereal
44,Cheese
44,Chips
44,Mayo
44,Milk
44,Mustard
44,Oranges
45,Bologna
45,Buns
45,Butter
45,Cereal
45,Cheese
45,Chips
45,Mayo
45,Milk
45,Mustard
45,Oranges
46,Bologna
46,Cereal
46,Cheese
46,Chips
46,Hotdogs
46,Pickles
47,Bananas
47,Buns
47,Butter
47,Cereal
47,Cheese
47,Hotdogs
48,Bologna
48,Bread
48,Cereal
48,Cheese
48,Chips
48,Mayo
48,Milk
48,Oranges
48,Pickles
49,Bananas
49,Butter
49,Cheese
49,Eggs
50,Bananas
50,Bologna
50,Bread
50,Buns
50,Butter
50,Cereal
50,Cheese
50,Chips
50,Eggs
50,Hotdogs
50,Milk
51,Bread
51,Buns
51,Eggs
51,Milk
52,Bread
52,Chips
52,Hotdogs
52,Mayo
53,Bananas
53,Bologna
53,Buns
53,Butter
53,Cereal
53,Chips
53,Eggs
53,Hotdogs
53,Milk
54,Bananas
54,Bologna
54,Bread
54,Cereal
54,Cheese
54,Chips
54,Eggs
54,Hotdogs
54,Mayo
54,Mustard
54,Oranges
55,Bananas
55,Bologna
55,Bread
55,Buns
55,Cereal
55,Cheese
55,Chips
55,Eggs
55,Hotdogs
55,Pickles
56,Bologna
56,Bread
56,Cereal
56,Chips
56,Mustard
56,Oranges
56,Soda
57,Bananas
57,Bologna
57,Bread
57,Buns
57,Butter
57,Cereal
57,Cheese
57,Chips
57,Milk
57,Mustard
57,Soda
58,Bananas
58,Buns
58,Butter
58,Cereal
58,Chips
58,Eggs
58,Mayo
58,Mustard
58,Soda
59,Bologna
59,Bread
59,Buns
59,Cheese
59,Mayo
59,Milk
60,Bananas
60,Buns
60,Cereal
60,Cheese
60,Eggs
61,Butter
61,Cereal
61,Cheese
61,Chips
61,Mayo
62,Bread
62,Butter
62,Cereal
62,Cheese
62,Chips
62,Hotdogs
62,Mayo
62,Oranges
63,Bananas
63,Bologna
63,Buns
63,Butter
63,Cheese
63,Eggs
63,Hotdogs
63,Mayo
64,Buns
64,Cereal
64,Cheese
64,Chips
64,Hotdogs
64,Milk
64,Oranges
65,Buns
65,Butter
65,Cereal
66,Bananas
66,Bologna
66,Bread
66,Buns
66,Butter
66,Cereal
66,Cheese
66,Chips
66,Eggs
66,Mayo
66,Mustard
67,Bananas
67,Bread
67,Buns
67,Cereal
67,Chips
67,Mayo
68,Bananas
68,Bologna
68,Bread
68,Buns
68,Butter
68,Cereal
68,Chips
68,Eggs
68,Hotdogs
68,Mayo
68,Mustard
69,Bologna
69,Buns
69,Cheese
69,Hotdogs
69,Milk
70,Buns
70,Cheese
70,Chips
70,Mayo
71,Butter
71,Eggs
72,Bananas
72,Cereal
72,Cheese
72,Chips
72,Eggs
73,Bologna
73,Butter
73,Cheese
73,Chips
73,Mayo
73,Soda
74,Cereal
74,Chips
74,Hotdogs
74,Mayo
75,Bread
75,Cereal
75,Cheese
75,Chips
75,Milk
76,Bananas
76,Bread
76,Butter
76,Cereal
76,Cheese
76,Chips
76,Eggs
76,Mayo
76,Milk
76,Mustard
77,Bologna
77,Buns
77,Butter
77,Cereal
77,Cheese
77,Chips
77,Mayo
77,Pickles
77,Soda
78,Bananas
78,Bread
78,Buns
78,Cereal
78,Cheese
78,Chips
78,Eggs
78,Hotdogs
78,Mayo
78,Mustard
79,Bananas
79,Bread
79,Buns
79,Cheese
79,Chips
79,Eggs
79,Mayo
79,Oranges
80,Buns
80,Butter
80,Cereal
80,Cheese
80,Chips
80,Eggs
81,Bananas
81,Bologna
81,Bread
81,Buns
81,Butter
81,Cereal
81,Cheese
81,Eggs
81,Hotdogs
81,Milk
82,Bananas
82,Buns
82,Butter
82,Cereal
82,Eggs
82,Milk
83,Bananas
83,Bologna
83,Buns
83,Butter
83,Cereal
83,Cheese
83,Chips
83,Eggs
83,Hotdogs
84,Cereal
84,Cheese
84,Mustard
84,Oranges
84,Pickles
85,Bologna
85,Buns
85,Butter
85,Cereal
85,Cheese
85,Chips
85,Eggs
85,Mayo
85,Milk
86,Bananas
86,Bologna
86,Buns
86,Butter
86,Cereal
86,Cheese
86,Hotdogs
87,Bologna
87,Cereal
87,Cheese
87,Chips
87,Mayo
87,Milk
88,Bread
88,Butter
88,Cheese
88,Chips
88,Hotdogs
88,Mustard
88,Pickles
89,Bananas
89,Bologna
89,Bread
89,Buns
89,Butter
89,Cheese
89,Milk
89,Pickles
90,Bananas
90,Bologna
90,Bread
90,Cereal
90,Cheese
90,Chips
90,Hotdogs
91,Bananas
91,Bologna
91,Bread
91,Buns
91,Butter
91,Cereal
91,Chips
91,Eggs
92,Bananas
92,Bologna
92,Buns
92,Butter
92,Cereal
92,Cheese
92,Chips
92,Milk
92,Pickles
92,Soda
93,Cheese
93,Chips
93,Mayo
93,Milk
94,Cereal
94,Chips
94,Hotdogs
94,Mustard
95,Bananas
95,Bologna
95,Bread
95,Buns
95,Cereal
95,Cheese
95,Chips
95,Mayo
95,Oranges
96,Bananas
96,Bread
96,Buns
96,Cereal
96,Cheese
96,Chips
96,Mayo
96,Milk
96,Mustard
96,Oranges
97,Bologna
97,Buns
97,Butter
97,Chips
97,Eggs
97,Mayo
97,Pickles
98,Buns
98,Cheese
99,Cereal
99,Cheese
99,Chips
99,Hotdogs
99,Mayo
99,Oranges
99,Soda
100,Bananas
100,Cereal
100,Chips
100,Hotdogs
101,Bologna
101,Bread
101,Buns
101,Cheese
101,Eggs
102,Bananas
102,Bologna
102,Buns
102,Butter
102,Cereal
102,Cheese
102,Chips
102,Hotdogs
102,Mayo
102,Milk
102,Mustard
102,Oranges
103,Bread
103,Butter
103,Cheese
103,Chips
103,Mayo
104,Bread
104,Hotdogs
105,Bananas
105,Bologna
105,Bread
105,Buns
105,Butter
105,Cereal
105,Cheese
105,Chips
105,Eggs
105,Hotdogs
105,Mayo
105,Pickles
106,Bananas
106,Bologna
106,Cereal
106,Eggs
107,Cereal
107,Cheese
107,Chips
107,Milk
108,Bread
108,Buns
108,Butter
108,Cereal
108,Cheese
108,Eggs
109,Bananas
109,Bologna
109,Bread
109,Butter
109,Cereal
109,Cheese
109,Eggs
109,Mayo
110,Bananas
110,Bologna
110,Buns
110,Cereal
110,Cheese
110,Chips
111,Bologna
111,Buns
111,Butter
111,Cereal
111,Hotdogs
111,Mayo
111,Milk
112,Bananas
112,Bologna
112,Bread
112,Buns
112,Butter
112,Chips
112,Eggs
114,Bananas
114,Bread
114,Buns
114,Cereal
114,Cheese
114,Chips
114,Milk
114,Mustard
114,Soda
115,Bread
115,Buns
115,Butter
115,Cereal
115,Cheese
115,Chips
115,Hotdogs
115,Mayo
115,Milk
115,Mustard
115,Soda
116,Bananas
116,Bologna
116,Butter
116,Cereal
116,Chips
116,Eggs
116,Hotdogs
116,Mustard
116,Oranges
116,Soda
117,Bananas
117,Bologna
117,Cereal
117,Cheese
117,Chips
117,Hotdogs
117,Mayo
117,Mustard
117,Oranges
118,Bologna
118,Bread
118,Cereal
118,Chips
118,Hotdogs
118,Mayo
118,Oranges
119,Bologna
119,Buns
119,Butter
119,Cereal
119,Cheese
119,Chips
119,Eggs
119,Hotdogs
120,Bologna
120,Buns
120,Cereal
120,Cheese
120,Chips
120,Eggs
120,Pickles
120,Soda
121,Buns
121,Cereal
121,Cheese
121,Chips
121,Pickles
122,Bananas
122,Bologna
122,Butter
122,Cheese
122,Eggs
122,Mustard
123,Bananas
123,Bologna
123,Bread
123,Cereal
123,Chips
123,Eggs
123,Milk
123,Pickles
124,Bologna
124,Bread
124,Cereal
124,Chips
125,Buns
125,Butter
125,Cereal
125,Eggs
126,Bananas
126,Bologna
126,Cereal
126,Cheese
126,Chips
126,Hotdogs
126,Mayo
126,Mustard
127,Bologna
127,Bread
127,Buns
127,Cheese
127,Chips
127,Hotdogs
128,Bologna
128,Buns
128,Cereal
128,Chips
129,Bananas
129,Bologna
129,Bread
129,Buns
129,Cereal
129,Chips
129,Eggs
129,Milk
130,Bananas
130,Bread
130,Butter
130,Cereal
131,Bananas
131,Bologna
131,Butter
131,Chips
132,Bananas
132,Butter
132,Cereal
132,Cheese
132,Chips
132,Hotdogs
132,Milk
132,Soda
133,Bananas
133,Butter
133,Cereal
133,Chips
133,Hotdogs
133,Milk
134,Bananas
134,Bologna
134,Buns
134,Cereal
134,Cheese
134,Chips
134,Hotdogs
134,Milk
134,Mustard
135,Bananas
135,Bologna
135,Bread
135,Buns
135,Cereal
135,Cheese
135,Chips
135,Eggs
135,Hotdogs
135,Milk
135,Soda
136,Bananas
136,Bologna
136,Bread
136,Buns
136,Butter
136,Cereal
136,Chips
136,Hotdogs
137,Bologna
137,Cheese
137,Chips
137,Eggs
138,Buns
138,Cereal
138,Cheese
138,Chips
139,Bananas
139,Buns
139,Chips
139,Pickles
140,Buns
140,Butter
140,Cereal
140,Cheese
140,Chips
140,Hotdogs
140,Oranges
141,Bananas
141,Bread
141,Buns
141,Butter
141,Cereal
141,Cheese
141,Chips
141,Eggs
141,Mayo
141,Milk
141,Mustard
141,Oranges
142,Bread
142,Butter
142,Cereal
142,Cheese
142,Chips
142,Eggs
142,Mayo
143,Bologna
143,Buns
143,Cereal
143,Chips
143,Milk
144,Bananas
144,Chips
145,Bananas
145,Bologna
145,Bread
145,Butter
145,Cereal
145,Cheese
145,Chips
145,Eggs
145,Hotdogs
145,Oranges
146,Bread
146,Buns
146,Cheese
146,Eggs
146,Hotdogs
146,Pickles
147,Bologna
147,Bread
147,Buns
147,Butter
147,Eggs
147,Hotdogs
148,Cereal
148,Cheese
148,Chips
148,Mayo
149,Bananas
149,Bread
149,Chips
149,Eggs
149,Oranges
150,Buns
150,Cereal
150,Cheese
150,Milk
151,Bread
151,Buns
151,Butter
151,Cheese
151,Chips
151,Eggs
151,Hotdogs
151,Milk
151,Mustard
152,Bananas
152,Bologna
152,Butter
152,Cereal
152,Cheese
152,Chips
152,Eggs
152,Mayo
152,Milk
153,Bologna
153,Bread
153,Butter
153,Cheese
153,Chips
153,Eggs
154,Bananas
154,Bologna
154,Bread
154,Buns
154,Butter
154,Cereal
154,Cheese
154,Chips
154,Milk
154,Mustard
155,Bananas
155,Buns
155,Butter
155,Cheese
155,Chips
155,Hotdogs
155,Milk
155,Mustard
156,Bananas
156,Buns
156,Butter
156,Cereal
156,Chips
156,Eggs
157,Buns
157,Cereal
157,Cheese
157,Chips
157,Hotdogs
157,Milk
157,Mustard
158,Bologna
158,Bread
158,Butter
158,Cheese
158,Eggs
158,Milk
159,Bananas
159,Butter
159,Cereal
159,Chips
159,Eggs
159,Hotdogs
159,Mayo
160,Bread
160,Buns
160,Cereal
160,Cheese
160,Chips
160,Eggs
160,Hotdogs
160,Oranges
161,Bologna
161,Bread
161,Butter
161,Cereal
161,Chips
161,Eggs
162,Bologna
162,Bread
162,Buns
162,Cereal
162,Chips
162,Eggs
162,Mustard
163,Bologna
163,Butter
163,Chips
163,Hotdogs
163,Mustard
164,Bananas
164,Bologna
164,Bread
164,Buns
164,Butter
164,Cheese
164,Eggs
164,Hotdogs
164,Milk
165,Bananas
165,Bread
165,Buns
165,Butter
165,Cereal
165,Cheese
165,Chips
165,Eggs
165,Hotdogs
165,Mayo
165,Milk
165,Mustard
166,Bananas
166,Bologna
166,Buns
166,Cereal
166,Cheese
166,Chips
166,Eggs
166,Hotdogs
166,Mayo
166,Oranges
167,Bread
167,Butter
167,Cereal
167,Cheese
167,Chips
167,Eggs
167,Milk
167,Mustard
168,Bananas
168,Bread
168,Buns
168,Cereal
168,Cheese
168,Hotdogs
168,Milk
169,Bananas
169,Bologna
169,Buns
169,Butter
169,Cheese
169,Chips
169,Mayo
169,Oranges
170,Bananas
170,Bread
170,Cereal
170,Cheese
170,Chips
170,Hotdogs
171,Buns
171,Butter
171,Cheese
171,Chips
171,Eggs
171,Hotdogs
171,Mayo
171,Milk
172,Bananas
172,Bologna
172,Bread
172,Buns
172,Cereal
172,Chips
173,Bread
173,Buns
173,Cereal
173,Cheese
173,Eggs
173,Hotdogs
173,Mustard
173,Oranges
174,Bananas
174,Bread
174,Cheese
174,Chips
175,Bananas
175,Bologna
175,Bread
175,Buns
175,Butter
175,Cereal
175,Cheese
175,Chips
175,Eggs
175,Soda
176,Bananas
176,Bread
176,Buns
176,Butter
176,Cereal
176,Cheese
176,Hotdogs
176,Mayo
176,Mustard
177,Bologna
177,Cereal
177,Chips
177,Hotdogs
177,Mustard
178,Bread
178,Buns
178,Butter
178,Cereal
178,Cheese
178,Chips
178,Hotdogs
178,Mayo
178,Milk
178,Mustard
179,Bananas
179,Bologna
179,Bread
179,Cereal
179,Cheese
179,Chips
179,Eggs
179,Oranges
180,Chips
180,Milk
181,Bread
181,Butter
181,Cereal
181,Cheese
181,Chips
181,Mustard
182,Bologna
182,Buns
182,Cereal
182,Cheese
182,Chips
182,Mayo
182,Milk
182,Pickles
183,Bananas
183,Bologna
183,Butter
183,Cheese
183,Chips
183,Eggs
183,Hotdogs
183,Mayo
183,Mustard
183,Pickles
184,Bananas
184,Bologna
184,Butter
184,Cheese
184,Hotdogs
184,Milk
185,Butter
185,Chips
185,Eggs
185,Hotdogs
185,Mayo
186,Bread
186,Buns
186,Butter
186,Cereal
186,Cheese
186,Hotdogs
187,Bananas
187,Butter
187,Cereal
187,Chips
187,Eggs
187,Mayo
187,Pickles
188,Bananas
188,Bologna
188,Bread
188,Buns
188,Cereal
188,Cheese
188,Chips
188,Eggs
188,Hotdogs
188,Milk
188,Pickles
189,Butter
189,Cheese
189,Milk
189,Mustard
190,Bananas
190,Bread
190,Butter
190,Cereal
190,Cheese
190,Chips
190,Eggs
190,Mayo
191,Bread
191,Buns
191,Cereal
191,Chips
191,Oranges
192,Buns
192,Butter
192,Cheese
192,Chips
192,Eggs
192,Mustard
192,Oranges
193,Bananas
193,Bologna
193,Bread
193,Butter
193,Cheese
193,Chips
193,Eggs
193,Hotdogs
194,Butter
194,Cereal
194,Eggs
194,Hotdogs
194,Mustard
195,Bread
195,Butter
195,Cereal
195,Cheese
195,Chips
195,Hotdogs
195,Mayo
195,Mustard
195,Oranges
195,Soda
196,Bananas
196,Buns
196,Cereal
196,Cheese
196,Oranges
196,Pickles
197,Bologna
197,Bread
197,Butter
197,Chips
197,Milk
198,Bananas
198,Bologna
198,Buns
198,Cereal
198,Cheese
198,Hotdogs
198,Milk
199,Bread
199,Buns
199,Cheese
200,Bananas
200,Buns
200,Cereal
200,Cheese
200,Hotdogs
200,Milk
201,Bananas
201,Butter
201,Cereal
201,Cheese
201,Chips
201,Milk
201,Oranges
201,Pickles
202,Bread
202,Buns
202,Butter
202,Cereal
202,Cheese
202,Chips
202,Eggs
202,Mayo
202,Milk
202,Mustard
203,Butter
203,Chips
203,Eggs
203,Mayo
204,Bread
204,Buns
204,Cheese
204,Chips
204,Eggs
204,Hotdogs
205,Bananas
205,Bologna
205,Bread
205,Butter
205,Cereal
205,Cheese
205,Chips
205,Eggs
205,Hotdogs
205,Milk
206,Bread
206,Buns
206,Cereal
206,Milk
207,Bananas
207,Bologna
207,Bread
207,Buns
207,Cereal
207,Cheese
207,Chips
207,Hotdogs
207,Milk
208,Bananas
208,Bologna
208,Buns
208,Butter
208,Cereal
208,Chips
208,Eggs
208,Hotdogs
208,Mayo
208,Mustard
209,Buns
209,Cereal
209,Chips
209,Oranges
209,Pickles
210,Bologna
210,Buns
210,Butter
210,Cheese
210,Mayo
210,Milk
211,Bananas
211,Bologna
211,Butter
211,Cheese
211,Eggs
211,Hotdogs
211,Mustard
212,Bananas
212,Bologna
212,Bread
212,Butter
212,Cheese
212,Chips
212,Eggs
212,Mayo
213,Bananas
213,Bread
213,Cereal
213,Cheese
213,Chips
213,Oranges
214,Bananas
214,Bologna
214,Buns
214,Butter
214,Cereal
214,Eggs
214,Hotdogs
214,Mustard
215,Bread
215,Buns
215,Butter
215,Cereal
215,Cheese
215,Chips
215,Eggs
215,Mayo
215,Soda
216,Bananas
216,Bread
216,Cereal
216,Cheese
216,Eggs
216,Hotdogs
216,Mayo
217,Bananas
217,Bologna
217,Buns
217,Butter
217,Cereal
217,Cheese
217,Chips
217,Eggs
217,Hotdogs
218,Bananas
218,Bread
218,Butter
218,Cereal
218,Cheese
218,Hotdogs
218,Mayo
218,Mustard
219,Bananas
219,Bologna
219,Bread
219,Buns
219,Butter
219,Cereal
219,Cheese
219,Chips
219,Eggs
219,Pickles
220,Bananas
220,Buns
220,Butter
220,Cereal
220,Cheese
220,Chips
220,Eggs
220,Hotdogs
220,Milk
220,Mustard
221,Bologna
221,Buns
221,Cheese
221,Chips
221,Mayo
222,Bananas
222,Bologna
222,Bread
222,Buns
222,Butter
222,Cereal
222,Eggs
222,Milk
223,Bologna
223,Buns
223,Butter
223,Cheese
223,Hotdogs
224,Bananas
224,Bread
224,Buns
224,Cereal
224,Cheese
224,Chips
224,Milk
224,Pickles
225,Bananas
225,Bologna
225,Bread
225,Buns
225,Butter
225,Cheese
225,Chips
225,Hotdogs
225,Oranges
225,Soda
226,Bananas
226,Bologna
226,Bread
226,Buns
226,Cheese
226,Eggs
227,Bananas
227,Buns
227,Butter
227,Cheese
227,Mayo
227,Oranges
228,Bologna
228,Buns
228,Cereal
228,Cheese
228,Chips
228,Eggs
228,Mayo
228,Oranges
229,Bread
229,Buns
229,Cereal
229,Cheese
229,Chips
229,Hotdogs
229,Mayo
230,Bananas
230,Buns
230,Butter
230,Cereal
230,Eggs
230,Milk
231,Buns
231,Butter
231,Cereal
231,Cheese
231,Chips
231,Eggs
231,Mayo
231,Milk
231,Pickles
232,Bananas
232,Bologna
232,Bread
232,Buns
232,Cereal
232,Cheese
232,Eggs
232,Oranges
233,Bread
233,Buns
233,Cereal
233,Cheese
233,Eggs
233,Hotdogs
233,Mayo
233,Milk
234,Buns
234,Cheese
234,Mayo
234,Milk
235,Bananas
235,Bread
235,Buns
235,Butter
235,Cereal
235,Mayo
235,Milk
236,Bologna
236,Buns
236,Cheese
236,Eggs
236,Mayo
236,Oranges
237,Bananas
237,Bologna
237,Bread
237,Buns
237,Butter
237,Cereal
237,Milk
237,Mustard
238,Bananas
238,Buns
238,Cheese
238,Chips
238,Mayo
238,Milk
238,Pickles
239,Bread
239,Buns
239,Butter
239,Cereal
239,Cheese
239,Hotdogs
239,Mayo
239,Oranges
240,Bread
240,Buns
240,Butter
240,Chips
240,Hotdogs
241,Bananas
241,Bread
241,Buns
241,Butter
241,Cereal
241,Chips
241,Hotdogs
241,Milk
242,Bread
242,Buns
242,Butter
242,Cereal
242,Chips
242,Milk
242,Oranges
243,Bread
243,Butter
243,Cereal
243,Cheese
243,Chips
243,Eggs
244,Bananas
244,Bread
244,Buns
244,Cheese
244,Chips
244,Eggs
244,Hotdogs
244,Mayo
245,Bologna
245,Butter
245,Cereal
245,Cheese
245,Eggs
245,Milk
246,Bananas
246,Bologna
246,Bread
246,Butter
246,Cereal
246,Cheese
246,Chips
246,Hotdogs
246,Mayo
246,Milk
246,Mustard
246,Soda
247,Bologna
247,Buns
247,Butter
247,Cheese
247,Chips
248,Bananas
248,Bologna
248,Bread
248,Buns
248,Butter
248,Cheese
248,Mayo
248,Milk
248,Oranges
249,Bologna
249,Bread
249,Buns
249,Butter
249,Cereal
249,Cheese
249,Chips
249,Eggs
249,Hotdogs
249,Oranges
249,Soda
250,Bologna
250,Bread
250,Buns
250,Butter
250,Cereal
250,Cheese
250,Chips
250,Mayo
251,Butter
251,Chips
251,Eggs
251,Hotdogs
252,Bananas
252,Bologna
252,Bread
252,Buns
252,Butter
252,Cereal
252,Chips
252,Eggs
252,Hotdogs
252,Mustard
253,Bread
253,Buns
253,Butter
253,Cereal
253,Cheese
253,Chips
253,Hotdogs
253,Mustard
254,Bananas
254,Bologna
254,Bread
254,Buns
254,Cereal
254,Cheese
254,Eggs
254,Oranges
255,Bananas
255,Bread
255,Buns
255,Butter
255,Chips
255,Hotdogs
255,Milk
255,Pickles
256,Bread
256,Buns
256,Cereal
256,Hotdogs
257,Bananas
257,Bologna
257,Butter
257,Cheese
257,Chips
257,Eggs
257,Milk
258,Bananas
258,Bologna
258,Bread
258,Buns
258,Butter
258,Cheese
258,Chips
258,Eggs
258,Hotdogs
258,Mayo
258,Pickles
259,Bananas
259,Butter
259,Cereal
259,Cheese
259,Mayo
260,Bananas
260,Buns
260,Butter
260,Cheese
260,Chips
260,Hotdogs
261,Bananas
261,Bologna
261,Bread
261,Buns
261,Cereal
261,Cheese
261,Eggs
261,Mayo
262,Bananas
262,Buns
262,Cereal
262,Chips
262,Mustard
262,Oranges
263,Bananas
263,Bologna
263,Bread
263,Buns
263,Butter
263,Cheese
263,Chips
263,Eggs
263,Hotdogs
263,Mayo
263,Oranges
264,Buns
264,Cereal
264,Chips
264,Eggs
264,Milk
264,Soda
265,Bananas
265,Bread
265,Buns
265,Butter
265,Cereal
265,Cheese
265,Eggs
265,Hotdogs
265,Milk
265,Pickles
266,Bananas
266,Butter
266,Cereal
266,Mustard
267,Bananas
267,Bread
267,Butter
267,Cereal
267,Cheese
267,Chips
267,Eggs
267,Hotdogs
267,Mayo
267,Milk
267,Mustard
267,Oranges
268,Bread
268,Cereal
268,Cheese
268,Oranges
269,Bologna
269,Bread
269,Buns
269,Cheese
269,Chips
269,Milk
270,Cheese
270,Milk
271,Bread
271,Buns
271,Butter
271,Cereal
271,Cheese
271,Chips
271,Mayo
271,Oranges
272,Bananas
272,Bologna
272,Bread
272,Buns
272,Butter
272,Cereal
272,Cheese
272,Chips
272,Hotdogs
272,Mayo
272,Mustard
273,Bananas
273,Butter
273,Cereal
273,Cheese
273,Mayo
273,Mustard
274,Bologna
274,Bread
274,Buns
274,Butter
274,Cereal
274,Cheese
274,Eggs
274,Milk
274,Oranges
274,Pickles
275,Bologna
275,Bread
275,Buns
275,Cheese
275,Eggs
275,Mayo
275,Mustard
276,Buns
276,Butter
276,Cheese
276,Mayo
277,Bananas
277,Buns
277,Butter
277,Cheese
277,Eggs
277,Hotdogs
277,Mayo
277,Mustard
278,Bananas
278,Butter
278,Cereal
278,Chips
278,Eggs
278,Mustard
279,Bologna
279,Buns
279,Cereal
279,Chips
279,Mayo
279,Oranges
280,Bologna
280,Bread
280,Butter
280,Cheese
280,Chips
280,Hotdogs
280,Mayo
280,Mustard
281,Bananas
281,Bologna
281,Butter
281,Cereal
281,Cheese
281,Chips
281,Eggs
281,Milk
282,Bananas
282,Bologna
282,Eggs
283,Bananas
283,Bread
283,Cereal
283,Cheese
283,Chips
283,Eggs
284,Cereal
284,Milk
285,Bananas
285,Bologna
285,Bread
285,Buns
285,Butter
285,Cereal
285,Cheese
285,Hotdogs
285,Milk
286,Bread
286,Buns
286,Butter
286,Cereal
286,Cheese
286,Chips
286,Eggs
286,Hotdogs
286,Mayo
286,Oranges
287,Bread
287,Buns
287,Butter
287,Cereal
287,Cheese
287,Chips
287,Eggs
287,Hotdogs
287,Mayo
288,Bananas
288,Bread
288,Cereal
288,Cheese
288,Chips
288,Hotdogs
288,Mayo
288,Milk
288,Mustard
289,Bologna
289,Bread
289,Buns
289,Cereal
289,Cheese
289,Chips
289,Milk
289,Mustard
290,Bananas
290,Bologna
290,Bread
290,Butter
290,Cereal
290,Cheese
290,Eggs
290,Hotdogs
290,Milk
291,Bologna
291,Bread
291,Buns
291,Butter
291,Cereal
291,Cheese
291,Chips
291,Hotdogs
291,Mayo
292,Bologna
292,Bread
292,Butter
292,Cereal
292,Cheese
293,Bananas
293,Bologna
293,Bread
293,Buns
293,Butter
293,Cereal
293,Cheese
293,Chips
293,Eggs
293,Hotdogs
293,Mayo
293,Milk
294,Buns
294,Butter
294,Cereal
294,Cheese
294,Chips
294,Eggs
294,Hotdogs
295,Buns
295,Cereal
295,Chips
295,Soda
296,Bologna
296,Bread
296,Buns
296,Cereal
296,Cheese
296,Mayo
296,Milk
296,Oranges
297,Bananas
297,Bologna
297,Buns
297,Butter
297,Cereal
297,Cheese
297,Chips
297,Eggs
297,Mayo
297,Oranges
298,Bread
298,Cereal
298,Chips
298,Mayo
298,Mustard
298,Soda
299,Bananas
299,Bread
299,Butter
299,Cereal
299,Cheese
299,Mayo
300,Bologna
300,Buns
300,Cereal
300,Cheese
300,Chips
300,Eggs
300,Mayo
301,Cheese
301,Milk
301,Oranges
302,Cheese
302,Oranges
303,Bologna
303,Bread
303,Buns
303,Butter
303,Cereal
303,Cheese
303,Hotdogs
303,Mayo
303,Milk
303,Mustard
304,Bologna
304,Butter
304,Cereal
304,Chips
304,Mustard
304,Soda
305,Butter
305,Cereal
305,Cheese
305,Chips
305,Eggs
305,Mayo
305,Milk
305,Mustard
306,Bananas
306,Buns
306,Butter
306,Cereal
306,Chips
306,Eggs
306,Hotdogs
306,Milk
307,Butter
307,Eggs
308,Bologna
308,Bread
308,Buns
308,Butter
308,Cereal
308,Chips
308,Hotdogs
309,Bananas
309,Bread
309,Buns
309,Butter
309,Cereal
309,Chips
309,Hotdogs
309,Oranges
310,Bananas
310,Bologna
310,Buns
310,Butter
310,Cereal
310,Cheese
310,Eggs
310,Milk
310,Oranges
311,Bread
311,Butter
311,Cereal
311,Cheese
311,Chips
311,Hotdogs
311,Mayo
312,Bologna
312,Buns
312,Butter
312,Cereal
312,Eggs
312,Hotdogs
312,Mayo
313,Buns
313,Cereal
313,Cheese
313,Chips
313,Eggs
313,Mayo
313,Milk
314,Bologna
314,Cheese
314,Eggs
315,Bologna
315,Cheese
315,Chips
315,Eggs
315,Oranges
315,Pickles
316,Bananas
316,Bologna
316,Buns
316,Butter
316,Cereal
316,Cheese
316,Chips
316,Mayo
316,Milk
317,Bananas
317,Bologna
317,Butter
317,Cheese
317,Chips
317,Eggs
317,Mayo
318,Bread
318,Buns
318,Butter
318,Cheese
318,Chips
318,Eggs
318,Mayo
319,Bread
319,Butter
319,Cereal
319,Cheese
319,Mayo
319,Oranges
320,Bananas
320,Bologna
320,Buns
320,Butter
320,Cereal
320,Cheese
320,Mayo
320,Mustard
321,Bananas
321,Buns
321,Butter
321,Cereal
321,Cheese
321,Chips
321,Milk
321,Soda
322,Bologna
322,Buns
322,Butter
322,Cereal
322,Cheese
322,Chips
322,Eggs
323,Bananas
323,Bologna
323,Bread
323,Buns
323,Butter
323,Cereal
323,Cheese
323,Chips
323,Eggs
323,Mayo
324,Bologna
324,Bread
324,Butter
324,Cereal
324,Cheese
324,Eggs
324,Mustard
324,Oranges
325,Buns
325,Butter
325,Cereal
325,Milk
325,Mustard
326,Buns
326,Butter
326,Cereal
326,Chips
326,Milk
326,Oranges
327,Bananas
327,Bologna
327,Bread
327,Butter
327,Cheese
327,Chips
327,Eggs
327,Mayo
327,Soda
328,Bananas
328,Bologna
329,Bread
329,Butter
329,Cereal
329,Cheese
329,Eggs
329,Mayo
329,Oranges
330,Bread
330,Buns
330,Butter
330,Cereal
330,Cheese
330,Chips
330,Eggs
330,Hotdogs
330,Mayo
330,Pickles
331,Cereal
331,Cheese
331,Mayo
332,Bologna
332,Buns
332,Butter
332,Cheese
332,Chips
332,Milk
332,Oranges
333,Bananas
333,Bread
333,Buns
333,Butter
333,Cereal
333,Cheese
333,Chips
333,Eggs
333,Mayo
333,Pickles
334,Bologna
334,Bread
334,Butter
334,Cereal
334,Chips
334,Eggs
334,Mayo
335,Bananas
335,Bread
335,Buns
335,Butter
335,Chips
335,Hotdogs
335,Soda
336,Bologna
336,Bread
336,Buns
336,Cheese
336,Chips
336,Milk
336,Pickles
337,Buns
337,Cereal
337,Cheese
337,Chips
337,Mustard
338,Bananas
338,Bologna
338,Bread
338,Buns
338,Butter
338,Cereal
338,Cheese
338,Chips
338,Eggs
338,Milk
338,Mustard
338,Oranges
339,Bananas
339,Bologna
339,Butter
339,Cereal
339,Cheese
339,Chips
339,Milk
339,Mustard
339,Pickles
339,Soda
340,Bananas
340,Bread
340,Butter
340,Cereal
340,Cheese
340,Chips
340,Mayo
341,Bologna
341,Bread
341,Buns
341,Butter
341,Cereal
341,Cheese
341,Chips
341,Hotdogs
341,Milk
341,Mustard
341,Soda
342,Bologna
342,Butter
342,Chips
342,Oranges
343,Bread
343,Butter
343,Cereal
343,Cheese
343,Eggs
343,Mustard
344,Bananas
344,Bread
344,Buns
344,Butter
344,Cereal
344,Cheese
344,Chips
344,Eggs
344,Mayo
344,Milk
344,Pickles
344,Soda
345,Bananas
345,Butter
345,Cereal
345,Cheese
345,Chips
345,Hotdogs
345,Milk
346,Bananas
346,Bologna
346,Buns
346,Butter
346,Cheese
346,Chips
346,Eggs
346,Hotdogs
346,Mayo
346,Mustard
347,Bread
347,Butter
347,Cereal
347,Cheese
347,Chips
347,Hotdogs
347,Mustard
347,Oranges
348,Bologna
348,Buns
348,Cheese
348,Chips
348,Eggs
348,Soda
349,Bananas
349,Bologna
349,Butter
349,Cereal
349,Cheese
349,Mayo
349,Oranges
350,Bananas
350,Bologna
350,Bread
350,Buns
350,Butter
350,Cereal
350,Chips
350,Hotdogs
350,Milk
351,Bananas
351,Bologna
351,Bread
351,Buns
351,Cereal
351,Cheese
351,Chips
351,Eggs
351,Hotdogs
351,Oranges
352,Bread
352,Cereal
352,Cheese
352,Eggs
353,Bologna
353,Bread
353,Buns
353,Cheese
353,Chips
353,Mayo
353,Milk
353,Mustard
354,Bananas
354,Bread
354,Buns
354,Cheese
354,Chips
354,Eggs
354,Hotdogs
354,Mayo
354,Oranges
355,Bread
355,Buns
355,Cereal
355,Cheese
355,Chips
355,Hotdogs
355,Mayo
355,Mustard
355,Oranges
356,Bread
356,Buns
356,Cereal
356,Cheese
356,Chips
356,Eggs
356,Hotdogs
356,Mayo
356,Milk
356,Mustard
356,Oranges
357,Bologna
357,Bread
357,Buns
357,Cereal
357,Cheese
357,Chips
357,Eggs
357,Hotdogs
358,Bread
358,Buns
358,Cheese
358,Eggs
358,Hotdogs
358,Mayo
358,Milk
358,Pickles
359,Bananas
359,Butter
359,Cereal
359,Cheese
359,Chips
359,Hotdogs
359,Milk
359,Oranges
360,Bananas
360,Bread
360,Butter
360,Cereal
360,Cheese
360,Chips
360,Eggs
360,Mayo
360,Milk
361,Bananas
361,Buns
361,Butter
361,Cereal
361,Cheese
361,Eggs
361,Hotdogs
362,Bananas
362,Bologna
362,Bread
362,Buns
362,Butter
362,Cereal
362,Cheese
362,Chips
362,Eggs
362,Mayo
362,Milk
363,Bologna
363,Bread
363,Buns
363,Cereal
363,Cheese
363,Hotdogs
363,Mayo
363,Milk
364,Bread
364,Buns
364,Cereal
364,Cheese
364,Hotdogs
364,Mustard
365,Bananas
365,Cereal
365,Chips
365,Mayo
365,Milk
365,Mustard
366,Bananas
366,Bologna
366,Bread
366,Buns
366,Butter
366,Cereal
366,Cheese
366,Chips
366,Eggs
366,Oranges
367,Bread
367,Cheese
367,Hotdogs
367,Mustard
368,Bananas
368,Bread
368,Buns
368,Butter
368,Cheese
368,Chips
368,Eggs
368,Milk
369,Bread
369,Cheese
369,Chips
369,Mayo
370,Bananas
370,Bread
370,Butter
370,Cereal
370,Cheese
370,Chips
370,Mayo
370,Milk
370,Mustard
370,Soda
371,Bananas
371,Bologna
371,Bread
371,Buns
371,Cereal
371,Cheese
371,Chips
371,Eggs
371,Hotdogs
371,Mayo
371,Soda
372,Bologna
372,Bread
372,Buns
372,Cheese
372,Chips
372,Eggs
372,Milk
373,Bananas
373,Bologna
373,Bread
373,Cereal
373,Eggs
373,Mayo
374,Bananas
374,Bologna
374,Bread
374,Cheese
374,Chips
374,Eggs
374,Mayo
375,Bread
375,Buns
375,Cereal
375,Cheese
375,Chips
375,Eggs
375,Hotdogs
376,Chips
376,Mayo
376,Mustard
376,Oranges
377,Bologna
377,Cheese
377,Hotdogs
377,Mayo
378,Bread
378,Chips
378,Mayo
378,Mustard
379,Buns
379,Butter
379,Cereal
379,Cheese
379,Chips
379,Eggs
379,Soda
380,Bread
380,Buns
380,Butter
380,Eggs
380,Hotdogs
380,Mustard
381,Bananas
381,Bread
381,Butter
381,Mayo
382,Bananas
382,Bread
382,Butter
382,Cheese
382,Chips
382,Hotdogs
383,Bread
383,Eggs
384,Bananas
384,Buns
384,Butter
384,Cereal
384,Cheese
384,Chips
384,Hotdogs
384,Mayo
385,Bologna
385,Buns
385,Cereal
385,Chips
385,Soda
386,Bananas
386,Bologna
386,Buns
386,Butter
386,Cereal
386,Cheese
386,Hotdogs
386,Pickles
387,Bread
387,Buns
387,Cheese
387,Chips
387,Milk
387,Mustard
387,Soda
388,Bologna
388,Bread
388,Butter
388,Cereal
388,Chips
388,Eggs
388,Mayo
388,Mustard
389,Bananas
389,Cheese
389,Mayo
390,Bananas
390,Butter
390,Mustard
391,Bananas
391,Buns
391,Butter
391,Cereal
391,Cheese
391,Mayo
392,Bologna
392,Bread
392,Buns
392,Butter
392,Cereal
392,Cheese
392,Hotdogs
392,Milk
392,Pickles
393,Bologna
393,Bread
393,Buns
393,Butter
393,Chips
393,Hotdogs
393,Milk
394,Bologna
394,Butter
394,Cereal
394,Cheese
394,Chips
394,Mayo
395,Bananas
395,Bread
395,Cereal
395,Hotdogs
396,Buns
396,Cheese
396,Chips
396,Mayo
396,Milk
397,Bread
397,Butter
397,Cereal
397,Chips
397,Hotdogs
397,Mayo
398,Bananas
398,Bread
398,Buns
398,Butter
398,Cereal
398,Cheese
398,Chips
398,Mustard
398,Soda
399,Bananas
399,Butter
399,Cereal
399,Chips
399,Hotdogs
399,Mayo
399,Milk
400,Bananas
400,Bologna
400,Bread
400,Buns
400,Butter
400,Eggs
401,Bananas
401,Bread
401,Buns
401,Butter
401,Cereal
401,Milk
402,Bananas
402,Bread
402,Buns
402,Butter
402,Cereal
402,Cheese
402,Chips
402,Hotdogs
402,Mayo
402,Mustard
402,Oranges
403,Bananas
403,Bread
403,Cheese
403,Pickles
404,Bananas
404,Bologna
404,Bread
404,Buns
404,Chips
404,Hotdogs
404,Soda
405,Bologna
405,Bread
405,Cereal
405,Eggs
406,Bananas
406,Bread
406,Buns
406,Cheese
406,Chips
406,Hotdogs
406,Mayo
407,Bananas
407,Bologna
407,Bread
407,Buns
407,Butter
407,Cereal
407,Chips
407,Hotdogs
407,Milk
407,Mustard
408,Bananas
408,Bread
408,Buns
408,Cereal
408,Chips
409,Bologna
409,Butter
409,Cereal
409,Hotdogs
409,Mayo
410,Cereal
410,Chips
410,Milk
410,Mustard
411,Buns
411,Butter
411,Cereal
411,Chips
411,Eggs
411,Mustard
412,Bologna
412,Buns
412,Butter
412,Cereal
412,Eggs
413,Buns
413,Butter
413,Cereal
413,Chips
413,Mustard
413,Oranges
413,Pickles
414,Butter
414,Cereal
414,Cheese
414,Chips
414,Eggs
414,Mayo
414,Oranges
415,Bananas
415,Bologna
415,Bread
415,Buns
415,Chips
415,Hotdogs
415,Mayo
416,Bread
416,Chips
416,Eggs
416,Hotdogs
417,Bread
417,Buns
417,Butter
417,Cereal
417,Chips
417,Oranges
418,Bread
418,Buns
418,Butter
418,Cereal
418,Cheese
418,Eggs
418,Mayo
418,Oranges
419,Bananas
419,Bologna
419,Bread
419,Cereal
419,Cheese
419,Eggs
419,Hotdogs
419,Milk
420,Bananas
420,Bread
420,Cereal
420,Cheese
420,Hotdogs
420,Milk
421,Bologna
421,Cereal
421,Eggs
422,Bologna
422,Bread
422,Buns
422,Cereal
422,Chips
422,Eggs
422,Hotdogs
422,Milk
422,Soda
423,Bologna
423,Buns
423,Butter
423,Chips
423,Eggs
423,Hotdogs
423,Soda
424,Bananas
424,Buns
424,Cereal
424,Cheese
424,Eggs
425,Bananas
425,Bologna
425,Bread
425,Buns
425,Cereal
425,Chips
426,Buns
426,Cheese
427,Butter
427,Cheese
427,Chips
427,Hotdogs
428,Bananas
428,Bologna
428,Bread
428,Buns
428,Cheese
428,Chips
428,Hotdogs
428,Mayo
429,Bananas
429,Bologna
429,Bread
429,Buns
429,Butter
429,Cheese
429,Chips
429,Eggs
429,Hotdogs
430,Bread
430,Buns
430,Butter
430,Cheese
430,Chips
430,Eggs
430,Hotdogs
430,Mayo
430,Pickles
431,Bologna
431,Cereal
431,Cheese
431,Chips
431,Hotdogs
431,Oranges
431,Pickles
431,Soda
432,Bread
432,Buns
432,Butter
432,Cheese
432,Chips
432,Mayo
433,Bread
433,Buns
433,Cereal
433,Cheese
433,Chips
433,Mayo
433,Milk
433,Oranges
433,Pickles
433,Soda
434,Bananas
434,Cereal
434,Cheese
434,Chips
434,Eggs
434,Hotdogs
434,Oranges
434,Soda
435,Bread
435,Buns
435,Cereal
435,Cheese
435,Chips
435,Oranges
436,Bananas
436,Bologna
436,Bread
436,Cereal
436,Cheese
436,Chips
436,Eggs
436,Hotdogs
436,Mustard
436,Pickles
437,Bologna
437,Bread
437,Butter
437,Cereal
437,Cheese
437,Eggs
437,Milk
438,Bread
438,Butter
438,Cereal
438,Cheese
438,Chips
438,Eggs
438,Hotdogs
438,Mayo
438,Oranges
439,Bananas
439,Bologna
439,Buns
439,Cereal
439,Chips
439,Hotdogs
439,Soda
440,Bologna
440,Cereal
440,Cheese
440,Chips
440,Eggs
440,Mayo
441,Butter
441,Cheese
441,Chips
441,Mayo
441,Mustard
442,Bananas
442,Bologna
442,Bread
442,Buns
442,Butter
442,Cereal
442,Chips
442,Eggs
442,Mayo
443,Bananas
443,Bread
443,Buns
443,Butter
443,Cereal
443,Cheese
443,Chips
443,Mayo
443,Milk
443,Mustard
443,Oranges
443,Pickles
444,Bologna
444,Buns
444,Butter
444,Cereal
444,Cheese
444,Hotdogs
445,Buns
445,Butter
445,Chips
445,Hotdogs
445,Mayo
446,Bread
446,Buns
446,Butter
446,Cereal
446,Cheese
446,Chips
446,Eggs
446,Mayo
446,Pickles
447,Bananas
447,Bologna
447,Buns
447,Chips
448,Bananas
448,Bologna
448,Bread
448,Buns
448,Cereal
448,Chips
448,Eggs
448,Hotdogs
448,Mayo
448,Milk
449,Bananas
449,Bread
449,Butter
449,Cheese
449,Chips
449,Hotdogs
449,Mustard
449,Oranges
450,Bologna
450,Bread
450,Butter
450,Cheese
450,Eggs
450,Mayo
451,Bananas
451,Bologna
451,Bread
451,Butter
451,Cheese
451,Chips
451,Mayo
451,Milk
452,Bananas
452,Bologna
452,Buns
452,Cereal
452,Cheese
452,Eggs
453,Bananas
453,Bologna
453,Butter
453,Cereal
453,Cheese
453,Chips
453,Eggs
453,Hotdogs
453,Mustard
453,Oranges
453,Pickles
454,Bananas
454,Butter
454,Cereal
454,Cheese
454,Eggs
454,Mayo
454,Mustard
455,Bologna
455,Bread
455,Cheese
455,Chips
455,Soda
456,Bologna
456,Bread
456,Buns
456,Butter
456,Cereal
456,Chips
456,Mayo
456,Mustard
457,Buns
457,Cereal
457,Cheese
457,Chips
458,Butter
458,Cereal
458,Chips
458,Milk
459,Bread
459,Buns
459,Chips
459,Eggs
460,Bananas
460,Bologna
460,Cereal
460,Chips
460,Eggs
460,Hotdogs
460,Mustard
461,Bologna
461,Butter
461,Cereal
461,Cheese
461,Chips
461,Milk
461,Oranges
462,Bologna
462,Cheese
462,Chips
462,Milk
463,Bologna
463,Bread
463,Cereal
463,Cheese
463,Chips
463,Eggs
463,Mayo
464,Butter
464,Cheese
464,Chips
464,Eggs
464,Hotdogs
464,Mayo
465,Bananas
465,Bologna
465,Buns
465,Butter
465,Cereal
465,Chips
465,Hotdogs
466,Bananas
466,Bread
466,Butter
466,Cheese
466,Chips
466,Eggs
466,Milk
466,Mustard
466,Soda
467,Cereal
467,Cheese
467,Chips
467,Hotdogs
467,Milk
467,Mustard
468,Bread
468,Butter
468,Chips
468,Milk
469,Bananas
469,Bologna
469,Bread
469,Buns
469,Butter
469,Cereal
469,Cheese
469,Chips
469,Eggs
469,Oranges
470,Bananas
470,Bologna
470,Buns
470,Butter
470,Chips
470,Hotdogs
471,Bread
471,Buns
471,Cereal
471,Eggs
471,Hotdogs
472,Bananas
472,Bread
472,Buns
472,Cereal
472,Cheese
472,Chips
472,Hotdogs
472,Mustard
472,Oranges
473,Bananas
473,Bologna
473,Buns
473,Butter
473,Cheese
473,Eggs
473,Hotdogs
473,Milk
474,Bologna
474,Bread
474,Buns
474,Butter
474,Cereal
474,Cheese
474,Chips
474,Eggs
474,Hotdogs
474,Mayo
474,Milk
474,Mustard
475,Bread
475,Cereal
475,Hotdogs
476,Bologna
476,Chips
476,Soda
477,Bananas
477,Bread
477,Buns
477,Butter
477,Cereal
477,Cheese
477,Eggs
477,Mayo
477,Mustard
478,Bananas
478,Buns
478,Cereal
478,Cheese
478,Chips
478,Hotdogs
478,Mayo
478,Milk
478,Oranges
478,Pickles
479,Bananas
479,Buns
479,Butter
479,Cereal
479,Chips
479,Eggs
479,Mayo
479,Mustard
480,Bananas
480,Bologna
480,Cheese
480,Chips
480,Eggs
480,Hotdogs
481,Bologna
481,Bread
481,Buns
481,Butter
481,Cereal
481,Cheese
481,Chips
481,Hotdogs
481,Mayo
481,Pickles
482,Bananas
482,Bologna
482,Buns
482,Butter
482,Chips
482,Eggs
482,Milk
483,Bananas
483,Buns
483,Butter
483,Cereal
483,Cheese
483,Chips
483,Eggs
484,Bologna
484,Bread
484,Butter
484,Mayo
485,Bologna
485,Bread
485,Butter
485,Cereal
485,Chips
485,Hotdogs
485,Mayo
485,Milk
486,Bananas
486,Bologna
486,Buns
486,Butter
486,Cereal
486,Cheese
486,Eggs
486,Hotdogs
486,Milk
487,Bananas
487,Bologna
487,Bread
487,Buns
487,Cheese
487,Chips
487,Eggs
487,Hotdogs
487,Mayo
488,Bananas
488,Bologna
488,Buns
488,Butter
488,Cheese
488,Chips
488,Eggs
488,Hotdogs
488,Mayo
489,Bologna
489,Bread
489,Cheese
489,Chips
489,Hotdogs
489,Milk
489,Mustard
489,Soda
490,Bananas
490,Bologna
490,Bread
490,Cereal
490,Cheese
490,Chips
490,Eggs
490,Milk
490,Mustard
491,Buns
491,Butter
491,Cereal
491,Cheese
491,Chips
491,Mayo
491,Mustard
492,Bologna
492,Bread
492,Buns
492,Cereal
492,Chips
492,Eggs
492,Mayo
493,Buns
493,Cheese
493,Eggs
493,Hotdogs
494,Bananas
494,Bologna
494,Bread
494,Buns
494,Butter
494,Cheese
494,Chips
494,Eggs
494,Hotdogs
494,Mayo
495,Bologna
495,Bread
495,Buns
495,Cereal
495,Cheese
495,Chips
495,Eggs
495,Mayo
495,Milk
495,Oranges
496,Bread
496,Butter
496,Eggs
496,Mayo
497,Bananas
497,Bologna
497,Cheese
497,Mustard
498,Chips
498,Oranges
499,Bananas
499,Bread
499,Cereal
499,Cheese
499,Mayo
499,Oranges
500,Bananas
500,Bread
500,Butter
500,Cereal
500,Chips
500,Hotdogs
500,Mustard
501,Bologna
501,Buns
501,Cereal
501,Cheese
501,Chips
501,Hotdogs
501,Mayo
501,Oranges
502,Bananas
502,Buns
502,Butter
502,Cheese
502,Chips
502,Eggs
502,Hotdogs
502,Milk
503,Bologna
503,Butter
503,Cereal
503,Cheese
503,Chips
503,Eggs
504,Bananas
504,Bologna
504,Bread
504,Buns
504,Eggs
505,Bananas
505,Bread
505,Cheese
505,Eggs
506,Bologna
506,Bread
506,Cheese
506,Chips
506,Mayo
506,Milk
507,Bologna
507,Bread
507,Butter
507,Cereal
507,Cheese
507,Chips
508,Bananas
508,Bologna
508,Butter
508,Cheese
508,Chips
508,Eggs
508,Hotdogs
508,Mustard
508,Oranges
509,Bologna
509,Buns
509,Cheese
509,Chips
509,Soda
510,Bananas
510,Bread
510,Butter
510,Cheese
510,Eggs
510,Mayo
511,Butter
511,Chips
511,Eggs
511,Mayo
512,Bananas
512,Buns
512,Butter
512,Cereal
512,Cheese
512,Chips
512,Eggs
512,Milk
514,Bologna
514,Bread
514,Buns
514,Cereal
514,Cheese
514,Mayo
514,Oranges
515,Bologna
515,Bread
515,Butter
515,Cheese
515,Chips
515,Eggs
515,Mayo
516,Bologna
516,Bread
516,Buns
516,Chips
516,Hotdogs
516,Mayo
517,Bananas
517,Bologna
517,Butter
517,Cereal
517,Cheese
517,Chips
517,Eggs
517,Hotdogs
517,Mustard
518,Bologna
518,Bread
518,Buns
518,Butter
518,Cereal
518,Chips
518,Eggs
518,Hotdogs
519,Bananas
519,Bologna
519,Bread
519,Cereal
519,Cheese
519,Eggs
519,Hotdogs
519,Mustard
520,Bananas
520,Bread
520,Buns
520,Cereal
520,Cheese
520,Chips
520,Eggs
520,Hotdogs
520,Milk
521,Bologna
521,Bread
521,Cereal
521,Cheese
521,Chips
521,Hotdogs
521,Mayo
521,Mustard
522,Bread
522,Cheese
522,Eggs
522,Milk
523,Bananas
523,Bologna
523,Bread
523,Buns
523,Butter
523,Cereal
523,Chips
523,Hotdogs
523,Milk
523,Mustard
523,Oranges
524,Bananas
524,Bologna
524,Bread
524,Buns
524,Cheese
524,Chips
524,Milk
524,Oranges
524,Soda
525,Bananas
525,Bologna
525,Buns
525,Butter
525,Cheese
525,Chips
525,Hotdogs
525,Milk
526,Bananas
526,Bologna
526,Buns
526,Butter
526,Cereal
526,Cheese
526,Hotdogs
526,Pickles
527,Bread
527,Butter
527,Cheese
527,Chips
527,Hotdogs
527,Mayo
527,Soda
528,Bananas
528,Bread
528,Buns
528,Cereal
528,Mayo
528,Milk
529,Bologna
529,Bread
529,Buns
529,Butter
529,Cereal
529,Cheese
529,Chips
529,Eggs
529,Hotdogs
529,Milk
530,Bologna
530,Butter
530,Cheese
530,Hotdogs
531,Bananas
531,Bologna
531,Bread
531,Buns
531,Butter
531,Cheese
531,Chips
532,Bananas
532,Bologna
532,Bread
532,Cereal
532,Mayo
532,Oranges
533,Bologna
533,Bread
533,Buns
533,Butter
533,Cereal
533,Chips
533,Hotdogs
533,Milk
533,Soda
535,Bananas
535,Bologna
535,Buns
535,Butter
535,Cereal
535,Cheese
535,Chips
535,Eggs
535,Oranges
536,Bread
536,Buns
536,Butter
536,Cereal
536,Cheese
536,Chips
536,Hotdogs
536,Mayo
536,Milk
536,Oranges
537,Chips
537,Eggs
537,Oranges
538,Bananas
538,Bologna
538,Bread
538,Butter
538,Cereal
538,Eggs
538,Hotdogs
538,Mayo
538,Mustard
539,Bananas
539,Bologna
539,Buns
539,Cereal
539,Cheese
539,Chips
539,Mayo
539,Milk
539,Mustard
540,Bananas
540,Bologna
540,Butter
540,Cheese
540,Chips
540,Mayo
540,Milk
540,Pickles
541,Bananas
541,Bologna
541,Buns
541,Butter
541,Eggs
541,Mayo
541,Milk
542,Bologna
542,Bread
542,Buns
542,Butter
542,Cereal
542,Cheese
542,Chips
542,Eggs
542,Mayo
542,Pickles
543,Bread
543,Buns
543,Butter
543,Cheese
543,Chips
543,Eggs
543,Mayo
543,Mustard
543,Pickles
544,Bananas
544,Bread
544,Buns
544,Cheese
544,Chips
544,Hotdogs
544,Mayo
544,Milk
544,Mustard
544,Soda
545,Bread
545,Butter
545,Cheese
545,Chips
545,Hotdogs
545,Milk
546,Bananas
546,Bread
546,Buns
546,Butter
546,Cereal
546,Cheese
546,Chips
546,Eggs
546,Hotdogs
546,Mayo
546,Milk
547,Buns
547,Butter
547,Cereal
547,Cheese
547,Eggs
548,Butter
548,Cheese
548,Chips
548,Mustard
548,Pickles
549,Bananas
549,Bologna
549,Bread
549,Buns
549,Eggs
549,Hotdogs
550,Bananas
550,Bologna
550,Bread
550,Buns
550,Butter
550,Cereal
550,Cheese
550,Mayo
551,Bread
551,Buns
551,Cereal
551,Cheese
551,Chips
551,Eggs
551,Oranges
552,Bananas
552,Bread
552,Buns
552,Butter
552,Cereal
552,Cheese
552,Chips
552,Eggs
552,Hotdogs
552,Oranges
553,Bananas
553,Bread
553,Buns
553,Butter
553,Cheese
553,Chips
553,Hotdogs
553,Mayo
553,Pickles
553,Soda
554,Bananas
554,Bologna
554,Bread
554,Cereal
554,Cheese
554,Chips
554,Hotdogs
554,Mayo
554,Mustard
554,Oranges
555,Buns
555,Chips
555,Eggs
555,Mayo
556,Bananas
556,Bologna
556,Bread
556,Buns
556,Butter
556,Cereal
556,Cheese
556,Eggs
556,Mayo
556,Pickles
557,Buns
557,Butter
557,Cereal
557,Cheese
557,Chips
557,Hotdogs
557,Mustard
557,Oranges
557,Pickles
557,Soda
558,Bologna
558,Butter
558,Cereal
558,Cheese
558,Eggs
558,Hotdogs
559,Bologna
559,Bread
559,Buns
559,Butter
559,Cheese
559,Hotdogs
559,Milk
560,Bananas
560,Bologna
560,Bread
560,Butter
560,Cereal
560,Eggs
560,Hotdogs
561,Bread
561,Buns
561,Butter
561,Cereal
561,Cheese
561,Chips
561,Eggs
561,Hotdogs
561,Mayo
562,Bananas
562,Bologna
562,Butter
562,Cheese
562,Eggs
562,Mayo
563,Buns
563,Butter
563,Cereal
563,Cheese
563,Eggs
563,Hotdogs
564,Bologna
564,Bread
564,Cereal
564,Cheese
564,Chips
564,Eggs
564,Milk
564,Oranges
565,Bologna
565,Buns
565,Cereal
565,Cheese
565,Chips
566,Bananas
566,Bread
566,Cereal
566,Cheese
566,Mayo
566,Mustard
567,Bananas
567,Bread
567,Butter
567,Cereal
567,Eggs
567,Mayo
568,Bananas
568,Bologna
568,Bread
568,Butter
568,Cereal
568,Eggs
569,Bananas
569,Bread
569,Butter
569,Cereal
569,Cheese
569,Chips
569,Hotdogs
569,Milk
569,Soda
570,Bananas
570,Bologna
570,Buns
570,Cheese
570,Chips
570,Eggs
570,Milk
570,Mustard
570,Oranges
571,Bologna
571,Buns
571,Butter
571,Cereal
571,Cheese
571,Chips
571,Hotdogs
571,Milk
572,Bananas
572,Bread
572,Buns
572,Butter
572,Cereal
572,Cheese
572,Chips
572,Hotdogs
572,Mayo
572,Milk
573,Bananas
573,Bread
573,Buns
573,Cereal
573,Cheese
573,Chips
573,Oranges
574,Bananas
574,Bread
574,Buns
574,Butter
574,Cereal
574,Cheese
574,Eggs
574,Milk
575,Bologna
575,Buns
575,Cereal
575,Cheese
575,Chips
575,Hotdogs
575,Mayo
575,Mustard
576,Bananas
576,Bread
576,Butter
576,Cheese
576,Chips
576,Eggs
576,Mustard
576,Pickles
577,Bananas
577,Bologna
578,Bananas
578,Bread
578,Buns
578,Cereal
578,Chips
578,Eggs
578,Hotdogs
578,Mayo
578,Oranges
579,Bananas
579,Bologna
579,Bread
579,Buns
579,Cereal
579,Cheese
579,Chips
579,Eggs
579,Hotdogs
579,Milk
579,Oranges
580,Buns
580,Butter
580,Cereal
580,Chips
580,Mayo
580,Milk
581,Bologna
581,Buns
581,Butter
581,Cheese
581,Chips
581,Eggs
581,Hotdogs
581,Mustard
582,Bologna
582,Cheese
582,Hotdogs
583,Bananas
583,Bologna
583,Bread
583,Butter
583,Cereal
583,Cheese
583,Chips
583,Eggs
583,Hotdogs
584,Bologna
584,Butter
584,Cereal
584,Cheese
584,Chips
584,Hotdogs
584,Milk
584,Oranges
585,Bologna
585,Buns
585,Butter
585,Cheese
585,Chips
585,Hotdogs
585,Mayo
586,Bananas
586,Buns
586,Butter
586,Cereal
586,Cheese
586,Chips
586,Eggs
586,Oranges
587,Bananas
587,Bologna
587,Bread
587,Buns
587,Butter
587,Chips
587,Eggs
587,Mayo
588,Buns
588,Butter
588,Cheese
588,Chips
588,Eggs
588,Hotdogs
588,Milk
588,Oranges
588,Soda
589,Bananas
589,Bologna
589,Cereal
589,Cheese
589,Chips
589,Mayo
589,Mustard
589,Oranges
590,Bread
590,Butter
590,Hotdogs
591,Buns
591,Cheese
591,Hotdogs
591,Oranges
592,Bananas
592,Bread
592,Buns
592,Butter
592,Chips
592,Milk
593,Bananas
593,Bread
593,Butter
593,Cereal
593,Chips
593,Eggs
593,Hotdogs
594,Buns
594,Butter
594,Cheese
594,Chips
594,Eggs
594,Mayo
595,Bologna
595,Buns
595,Butter
595,Cereal
596,Bologna
596,Bread
596,Buns
596,Butter
596,Cereal
596,Cheese
596,Eggs
596,Mayo
596,Milk
596,Mustard
596,Oranges
597,Bananas
597,Bread
597,Buns
597,Butter
597,Cheese
597,Chips
597,Milk
597,Mustard
597,Oranges
598,Buns
598,Butter
598,Cheese
598,Eggs
598,Hotdogs
598,Mayo
599,Bologna
599,Bread
599,Butter
599,Cheese
599,Chips
599,Hotdogs
599,Mustard
600,Bananas
600,Bologna
600,Bread
600,Butter
600,Cereal
600,Cheese
600,Eggs
600,Hotdogs
600,Milk
601,Bologna
601,Bread
601,Cheese
601,Chips
601,Eggs
601,Pickles
602,Bananas
602,Butter
602,Cereal
602,Hotdogs
602,Milk
603,Bread
603,Cheese
603,Chips
603,Hotdogs
603,Milk
603,Oranges
603,Pickles
604,Buns
604,Butter
604,Chips
604,Eggs
604,Mustard
605,Buns
605,Cheese
605,Chips
605,Eggs
605,Mayo
605,Soda
606,Bananas
606,Bologna
606,Bread
606,Buns
606,Cereal
607,Bologna
607,Bread
607,Buns
607,Cereal
607,Chips
607,Eggs
607,Mayo
607,Milk
607,Oranges
608,Bread
608,Butter
608,Cereal
608,Cheese
608,Hotdogs
608,Milk
609,Bananas
609,Bologna
609,Bread
609,Butter
609,Cheese
609,Chips
609,Hotdogs
609,Mayo
610,Bread
610,Butter
610,Cereal
610,Cheese
610,Chips
610,Eggs
610,Hotdogs
610,Mayo
610,Milk
611,Bananas
611,Buns
611,Cereal
611,Cheese
611,Chips
611,Eggs
611,Milk
611,Oranges
612,Bologna
612,Buns
612,Butter
612,Cereal
612,Cheese
612,Chips
612,Eggs
612,Hotdogs
612,Mayo
612,Pickles
613,Bread
613,Buns
613,Butter
613,Cereal
613,Hotdogs
613,Milk
614,Bologna
614,Bread
614,Buns
614,Butter
614,Cereal
614,Cheese
614,Chips
614,Eggs
614,Hotdogs
614,Oranges
615,Bananas
615,Bologna
615,Bread
615,Buns
615,Cereal
615,Cheese
615,Chips
615,Eggs
615,Mayo
615,Milk
615,Mustard
615,Oranges
616,Bananas
616,Bologna
616,Bread
616,Butter
616,Cheese
616,Chips
616,Eggs
616,Hotdogs
617,Bologna
617,Bread
617,Buns
617,Butter
617,Cereal
617,Cheese
617,Chips
617,Eggs
617,Mustard
618,Bread
618,Buns
618,Cheese
618,Chips
618,Milk
618,Oranges
618,Soda
619,Bananas
619,Bologna
619,Bread
619,Cereal
619,Chips
620,Bologna
620,Bread
620,Buns
620,Butter
620,Cereal
620,Cheese
620,Chips
620,Eggs
620,Hotdogs
620,Mayo
620,Oranges
621,Bologna
621,Buns
621,Butter
621,Cereal
621,Cheese
621,Eggs
621,Hotdogs
621,Mayo
622,Butter
622,Cereal
622,Cheese
622,Chips
622,Eggs
622,Milk
622,Mustard
623,Bread
623,Buns
623,Butter
623,Cereal
623,Chips
623,Eggs
624,Butter
624,Cereal
624,Cheese
624,Eggs
625,Bananas
625,Bologna
625,Buns
625,Butter
625,Cereal
625,Chips
625,Eggs
625,Milk
626,Cereal
626,Chips
626,Eggs
626,Mayo
626,Oranges
627,Bread
627,Butter
627,Cereal
627,Cheese
627,Eggs
627,Milk
627,Mustard
628,Bananas
628,Bologna
628,Bread
628,Buns
628,Butter
628,Cereal
628,Chips
628,Hotdogs
628,Mayo
628,Milk
628,Pickles
629,Bananas
629,Bread
629,Cereal
629,Cheese
629,Chips
629,Eggs
629,Hotdogs
629,Mayo
630,Bananas
630,Cereal
630,Cheese
630,Mayo
630,Oranges
631,Bologna
631,Eggs
632,Cheese
632,Milk
633,Bologna
633,Bread
633,Cereal
633,Hotdogs
633,Mayo
634,Cereal
634,Cheese
634,Chips
634,Hotdogs
634,Pickles
635,Bananas
635,Bread
635,Buns
635,Cereal
635,Cheese
635,Chips
635,Eggs
635,Hotdogs
635,Oranges
635,Pickles
636,Bananas
636,Bologna
636,Bread
636,Buns
636,Butter
636,Cereal
636,Cheese
636,Chips
636,Eggs
636,Milk
636,Oranges
637,Bananas
637,Bread
637,Cereal
637,Cheese
637,Chips
637,Eggs
637,Mayo
637,Oranges
638,Bananas
638,Bologna
638,Butter
638,Cereal
638,Hotdogs
639,Buns
639,Cereal
639,Cheese
639,Hotdogs
640,Bananas
640,Cereal
640,Cheese
640,Chips
640,Mustard
640,Oranges
640,Soda
641,Bananas
641,Bread
641,Cereal
641,Cheese
641,Eggs
641,Hotdogs
642,Bread
642,Buns
642,Butter
642,Cereal
642,Chips
642,Mayo
642,Oranges
643,Bread
643,Chips
643,Hotdogs
643,Mustard
644,Bologna
644,Bread
644,Buns
644,Butter
644,Cereal
644,Cheese
644,Chips
644,Hotdogs
644,Mayo
644,Mustard
645,Bread
645,Buns
645,Butter
645,Cereal
645,Chips
645,Eggs
645,Hotdogs
645,Milk
646,Bologna
646,Buns
646,Butter
646,Cereal
646,Cheese
646,Chips
646,Hotdogs
646,Mayo
647,Bananas
647,Bologna
647,Bread
647,Butter
647,Cereal
647,Mayo
648,Bread
648,Cereal
648,Cheese
648,Chips
648,Eggs
648,Hotdogs
648,Milk
649,Bologna
649,Cereal
649,Cheese
649,Hotdogs
650,Butter
650,Cereal
650,Chips
651,Bologna
651,Bread
651,Buns
651,Butter
651,Cheese
651,Chips
651,Hotdogs
651,Mayo
651,Pickles
652,Bananas
652,Bologna
652,Buns
652,Butter
652,Cheese
652,Oranges
653,Bananas
653,Butter
653,Cereal
653,Cheese
653,Chips
653,Eggs
653,Mayo
653,Pickles
654,Bologna
654,Buns
654,Butter
654,Chips
654,Hotdogs
654,Mayo
654,Mustard
654,Soda
655,Bologna
655,Bread
655,Cheese
655,Eggs
655,Oranges
656,Bologna
656,Bread
656,Buns
656,Cereal
656,Chips
656,Eggs
656,Oranges
657,Buns
657,Butter
657,Eggs
657,Mayo
658,Chips
658,Milk
659,Buns
659,Butter
659,Cereal
659,Cheese
659,Chips
659,Hotdogs
659,Mayo
660,Bananas
660,Bread
660,Butter
660,Cereal
660,Cheese
660,Chips
660,Milk
660,Mustard
661,Bananas
661,Bread
661,Buns
661,Cereal
661,Cheese
661,Chips
661,Hotdogs
661,Pickles
662,Bananas
662,Bologna
662,Bread
662,Cereal
662,Cheese
662,Chips
662,Hotdogs
662,Mustard
663,Bananas
663,Bologna
663,Bread
663,Buns
663,Cheese
663,Chips
663,Hotdogs
663,Milk
664,Buns
664,Cereal
664,Cheese
664,Chips
664,Eggs
664,Hotdogs
664,Milk
664,Oranges
665,Butter
665,Chips
665,Oranges
665,Pickles
666,Bananas
666,Bologna
666,Butter
666,Cheese
666,Eggs
667,Bananas
667,Bologna
667,Bread
667,Buns
667,Butter
667,Cereal
667,Cheese
667,Chips
667,Eggs
667,Hotdogs
667,Mayo
667,Milk
668,Butter
668,Cereal
668,Cheese
668,Hotdogs
669,Bananas
669,Bologna
669,Bread
669,Butter
669,Cereal
669,Cheese
669,Chips
669,Eggs
669,Hotdogs
669,Milk
670,Chips
670,Oranges
671,Bologna
671,Cheese
671,Chips
671,Mayo
671,Milk
671,Oranges
671,Pickles
672,Bananas
672,Bread
672,Buns
672,Cereal
672,Cheese
672,Chips
672,Hotdogs
672,Mustard
672,Oranges
673,Bologna
673,Buns
673,Cheese
673,Milk
674,Bread
674,Cereal
674,Chips
674,Mayo
675,Bread
675,Buns
675,Cheese
675,Chips
675,Eggs
675,Milk
676,Bananas
676,Cereal
676,Cheese
676,Chips
676,Eggs
676,Pickles
677,Bananas
677,Bologna
677,Bread
677,Butter
677,Cereal
677,Chips
677,Mayo
677,Milk
677,Soda
678,Bread
678,Buns
678,Chips
678,Milk
679,Bananas
679,Bologna
679,Bread
679,Butter
679,Cheese
679,Eggs
679,Mayo
679,Milk
679,Mustard
679,Pickles
680,Bread
680,Buns
680,Butter
680,Cereal
680,Cheese
680,Mayo
680,Mustard
681,Bologna
681,Bread
681,Butter
681,Cereal
681,Cheese
681,Chips
681,Eggs
681,Hotdogs
681,Milk
681,Mustard
681,Oranges
682,Bologna
682,Bread
682,Buns
682,Butter
682,Cereal
682,Cheese
682,Chips
682,Milk
683,Bologna
683,Buns
683,Butter
683,Hotdogs
683,Milk
684,Bologna
684,Bread
684,Buns
684,Butter
684,Cheese
684,Chips
684,Eggs
684,Hotdogs
684,Mustard
685,Bologna
685,Butter
685,Cereal
685,Cheese
685,Chips
685,Eggs
685,Milk
685,Mustard
685,Oranges
685,Pickles
686,Bananas
686,Bologna
686,Buns
686,Butter
686,Cereal
686,Cheese
686,Chips
686,Hotdogs
686,Mayo
686,Mustard
686,Oranges
687,Bananas
687,Bologna
687,Bread
687,Buns
687,Butter
687,Cereal
687,Cheese
687,Chips
687,Eggs
687,Hotdogs
687,Mayo
688,Bananas
688,Buns
688,Butter
688,Cereal
688,Cheese
688,Eggs
688,Hotdogs
689,Bread
689,Cereal
689,Cheese
689,Eggs
689,Mayo
690,Bologna
690,Bread
690,Chips
690,Soda
691,Bologna
691,Bread
691,Buns
691,Butter
691,Cheese
691,Eggs
691,Mayo
691,Mustard
692,Bananas
692,Bologna
692,Bread
692,Buns
692,Butter
692,Cereal
692,Cheese
692,Chips
692,Eggs
692,Mayo
692,Milk
693,Buns
693,Cheese
693,Chips
693,Eggs
693,Oranges
694,Bologna
694,Bread
694,Buns
694,Butter
694,Cereal
694,Chips
694,Hotdogs
694,Oranges
695,Bananas
695,Bologna
695,Bread
695,Butter
695,Cereal
695,Eggs
696,Chips
696,Hotdogs
697,Bread
697,Cheese
697,Chips
697,Hotdogs
697,Milk
698,Bologna
698,Bread
698,Buns
698,Butter
698,Cereal
698,Cheese
698,Chips
698,Eggs
698,Soda
699,Bananas
699,Bologna
699,Cheese
699,Eggs
699,Milk
699,Pickles
700,Bananas
700,Bologna
700,Bread
700,Buns
700,Butter
700,Cereal
700,Chips
700,Eggs
700,Hotdogs
700,Mayo
700,Milk
701,Bologna
701,Buns
701,Butter
701,Cheese
701,Hotdogs
701,Milk
702,Bananas
702,Bologna
702,Bread
702,Butter
702,Cheese
702,Eggs
702,Hotdogs
703,Bologna
703,Chips
703,Eggs
703,Milk
704,Bananas
704,Bologna
704,Bread
704,Buns
704,Butter
704,Cheese
704,Chips
704,Eggs
704,Hotdogs
704,Mayo
704,Pickles
705,Bananas
705,Bologna
705,Bread
705,Chips
705,Eggs
705,Hotdogs
705,Mayo
705,Mustard
706,Bologna
706,Bread
706,Buns
706,Cheese
706,Chips
706,Eggs
706,Mayo
706,Milk
707,Bananas
707,Bologna
707,Buns
707,Butter
707,Cereal
707,Cheese
707,Eggs
708,Bananas
708,Bread
708,Buns
708,Butter
708,Cereal
708,Cheese
708,Chips
708,Eggs
708,Mustard
709,Butter
709,Cereal
709,Cheese
709,Chips
709,Hotdogs
710,Bananas
710,Bologna
710,Bread
710,Buns
710,Cereal
710,Cheese
710,Chips
710,Hotdogs
710,Mayo
710,Milk
710,Mustard
710,Pickles
711,Bologna
711,Bread
711,Buns
711,Butter
711,Cheese
711,Chips
711,Eggs
711,Milk
711,Mustard
712,Bananas
712,Bologna
712,Bread
712,Butter
712,Cereal
712,Cheese
712,Chips
712,Eggs
712,Mayo
712,Mustard
712,Oranges
713,Bologna
713,Bread
713,Cheese
713,Chips
714,Bologna
714,Butter
714,Cereal
714,Cheese
714,Chips
714,Hotdogs
714,Mustard
714,Pickles
714,Soda
715,Bananas
715,Bread
715,Butter
715,Cereal
715,Chips
715,Mayo
716,Bananas
716,Bologna
716,Bread
716,Buns
716,Cereal
716,Cheese
716,Chips
716,Eggs
716,Milk
717,Buns
717,Chips
717,Hotdogs
717,Mayo
717,Pickles
718,Bread
718,Buns
718,Butter
718,Cereal
718,Cheese
718,Chips
718,Eggs
718,Milk
718,Mustard
718,Pickles
718,Soda
719,Bananas
719,Bologna
719,Cereal
719,Cheese
719,Chips
719,Hotdogs
720,Bologna
720,Bread
720,Buns
720,Butter
720,Cheese
721,Bananas
721,Bologna
721,Cereal
721,Cheese
721,Chips
721,Eggs
721,Milk
721,Pickles
722,Bananas
722,Buns
722,Butter
722,Cheese
722,Hotdogs
722,Milk
723,Bananas
723,Bologna
723,Bread
723,Butter
723,Cereal
723,Cheese
723,Chips
723,Eggs
723,Hotdogs
723,Mustard
723,Oranges
723,Pickles
724,Bananas
724,Buns
724,Cheese
724,Eggs
724,Oranges
725,Bananas
725,Bread
725,Buns
725,Cereal
725,Cheese
725,Eggs
725,Milk
725,Oranges
726,Bologna
726,Buns
726,Chips
726,Eggs
726,Hotdogs
726,Mayo
726,Milk
727,Bananas
727,Butter
727,Cereal
727,Cheese
727,Chips
727,Mayo
727,Milk
727,Mustard
728,Bananas
728,Bologna
728,Butter
728,Cheese
728,Eggs
728,Mayo
729,Bananas
729,Bologna
729,Bread
729,Butter
729,Cereal
729,Cheese
729,Chips
729,Eggs
729,Hotdogs
729,Milk
730,Bread
730,Butter
730,Cereal
730,Cheese
730,Chips
730,Eggs
730,Hotdogs
730,Oranges
731,Buns
731,Cereal
731,Cheese
731,Chips
731,Eggs
731,Oranges
732,Bananas
732,Bread
732,Butter
732,Cereal
732,Cheese
732,Chips
732,Eggs
732,Mayo
732,Milk
733,Bananas
733,Bologna
733,Butter
733,Cereal
733,Cheese
733,Chips
733,Eggs
733,Hotdogs
733,Milk
734,Butter
734,Cheese
734,Hotdogs
734,Mayo
734,Milk
735,Buns
735,Butter
735,Cereal
735,Chips
736,Butter
736,Cereal
736,Cheese
736,Chips
736,Oranges
737,Bologna
737,Cereal
737,Eggs
738,Bread
738,Butter
738,Cereal
738,Cheese
738,Chips
738,Eggs
738,Hotdogs
738,Mayo
738,Milk
739,Bologna
739,Butter
739,Cheese
739,Eggs
740,Bananas
740,Bologna
740,Bread
740,Buns
740,Butter
740,Cheese
740,Chips
740,Hotdogs
740,Milk
741,Bread
741,Butter
741,Cereal
741,Cheese
741,Chips
741,Mayo
741,Mustard
742,Bananas
742,Bologna
742,Butter
742,Cereal
742,Chips
742,Milk
742,Mustard
744,Bread
744,Buns
744,Butter
744,Cereal
744,Cheese
744,Hotdogs
744,Mayo
744,Milk
745,Bologna
745,Bread
745,Buns
745,Butter
745,Cereal
745,Cheese
745,Chips
745,Eggs
745,Hotdogs
745,Milk
745,Mustard
745,Oranges
746,Bananas
746,Bologna
746,Bread
746,Butter
746,Cereal
746,Chips
746,Eggs
747,Bologna
747,Buns
747,Butter
747,Cereal
747,Chips
747,Mayo
747,Mustard
747,Pickles
748,Bread
748,Buns
748,Butter
748,Cereal
748,Cheese
748,Chips
748,Hotdogs
748,Mayo
748,Oranges
749,Bread
749,Buns
749,Butter
749,Cereal
749,Cheese
749,Chips
749,Hotdogs
749,Mayo
749,Milk
750,Chips
750,Soda
751,Bologna
751,Bread
751,Butter
751,Cereal
751,Cheese
751,Chips
751,Eggs
751,Mustard
751,Oranges
752,Bread
752,Buns
752,Butter
752,Cheese
752,Mayo
753,Bananas
753,Bologna
753,Bread
753,Buns
753,Cereal
753,Chips
753,Hotdogs
753,Soda
754,Bananas
754,Buns
754,Butter
754,Cheese
754,Chips
754,Milk
754,Mustard
755,Bologna
755,Bread
755,Buns
755,Cereal
755,Cheese
755,Chips
755,Eggs
755,Mayo
756,Bologna
756,Buns
756,Butter
756,Cereal
756,Cheese
756,Chips
756,Eggs
756,Hotdogs
756,Mustard
756,Oranges
757,Bologna
757,Cheese
757,Pickles
758,Bananas
758,Buns
758,Butter
758,Cereal
758,Hotdogs
759,Bologna
759,Butter
759,Cereal
759,Cheese
759,Chips
759,Eggs
759,Mustard
759,Oranges
760,Bologna
760,Bread
760,Buns
760,Butter
760,Cheese
760,Chips
760,Mayo
761,Bologna
761,Bread
761,Buns
761,Cheese
761,Chips
761,Mayo
761,Milk
762,Bananas
762,Buns
762,Cereal
762,Cheese
762,Chips
762,Eggs
762,Hotdogs
762,Mayo
762,Mustard
763,Buns
763,Butter
763,Cereal
763,Cheese
763,Chips
763,Mayo
764,Bananas
764,Bologna
764,Bread
764,Buns
764,Butter
764,Cereal
764,Cheese
764,Chips
764,Eggs
764,Hotdogs
764,Mayo
764,Milk
764,Oranges
764,Pickles
765,Bologna
765,Buns
765,Butter
765,Cheese
765,Eggs
765,Milk
766,Bread
766,Buns
766,Cheese
766,Hotdogs
766,Oranges
767,Bananas
767,Bread
767,Buns
767,Butter
767,Cereal
767,Cheese
767,Eggs
767,Hotdogs
767,Mayo
767,Milk
767,Oranges
768,Bologna
768,Bread
768,Buns
768,Cheese
768,Hotdogs
768,Mustard
769,Bananas
769,Bologna
769,Bread
769,Buns
769,Butter
769,Cereal
769,Cheese
769,Chips
769,Mayo
769,Milk
770,Buns
770,Cereal
770,Cheese
770,Chips
770,Eggs
770,Milk
770,Oranges
771,Bananas
771,Bread
771,Buns
771,Butter
772,Bananas
772,Cereal
772,Cheese
772,Milk
772,Mustard
772,Oranges
773,Bananas
773,Bologna
773,Buns
773,Butter
773,Cereal
773,Cheese
773,Eggs
773,Hotdogs
774,Bologna
774,Cheese
774,Chips
774,Hotdogs
774,Mayo
775,Bologna
775,Buns
775,Butter
775,Cheese
775,Milk
776,Bananas
776,Buns
776,Butter
776,Cheese
776,Chips
776,Oranges
777,Buns
777,Chips
777,Eggs
777,Oranges
778,Chips
778,Eggs
778,Hotdogs
778,Pickles
779,Bananas
779,Bologna
779,Bread
779,Buns
779,Cereal
779,Chips
779,Hotdogs
779,Mustard
780,Bananas
780,Bologna
780,Bread
780,Buns
780,Butter
780,Cereal
780,Chips
780,Hotdogs
780,Mayo
780,Soda
781,Bananas
781,Bologna
781,Bread
781,Buns
781,Cereal
781,Cheese
781,Chips
781,Hotdogs
781,Mayo
781,Oranges
782,Bananas
782,Bread
782,Buns
782,Butter
782,Cheese
782,Chips
782,Hotdogs
782,Milk
783,Bananas
783,Bologna
783,Bread
783,Cereal
783,Cheese
783,Chips
783,Eggs
783,Hotdogs
783,Oranges
783,Soda
784,Bologna
784,Cheese
784,Chips
784,Hotdogs
784,Mayo
784,Pickles
785,Buns
785,Butter
785,Cereal
785,Chips
785,Hotdogs
785,Mayo
785,Mustard
786,Cheese
786,Chips
786,Hotdogs
786,Pickles
787,Bananas
787,Bologna
787,Butter
787,Cereal
787,Cheese
787,Chips
787,Hotdogs
787,Milk
787,Mustard
788,Bananas
788,Bologna
788,Buns
788,Butter
788,Cereal
788,Cheese
788,Hotdogs
788,Mayo
788,Mustard
788,Oranges
789,Bread
789,Cereal
789,Cheese
789,Chips
789,Mayo
789,Milk
790,Bologna
790,Butter
790,Cereal
790,Cheese
790,Hotdogs
790,Mayo
790,Milk
790,Mustard
791,Bananas
791,Bread
792,Bananas
792,Bologna
792,Bread
792,Cereal
792,Cheese
792,Milk
793,Bologna
793,Butter
793,Cereal
793,Mayo
793,Milk
794,Bologna
794,Buns
794,Butter
794,Cereal
794,Eggs
794,Mayo
794,Milk
795,Bologna
795,Bread
795,Butter
795,Cereal
795,Cheese
795,Mayo
796,Bananas
796,Bread
796,Buns
796,Cereal
796,Cheese
796,Eggs
796,Mayo
796,Milk
796,Mustard
797,Bologna
797,Butter
797,Mayo
798,Buns
798,Cereal
798,Chips
798,Oranges
799,Bread
799,Butter
799,Cereal
799,Chips
799,Mayo
799,Mustard
800,Bananas
800,Bread
800,Buns
800,Chips
801,Bananas
801,Bologna
801,Bread
801,Eggs
802,Cheese
802,Mustard
803,Bananas
803,Bologna
803,Bread
803,Chips
803,Mayo
804,Bread
804,Cereal
804,Chips
805,Bread
805,Butter
805,Cereal
805,Cheese
805,Chips
805,Mayo
805,Soda
806,Buns
806,Butter
807,Bananas
807,Bologna
807,Bread
807,Buns
807,Butter
807,Chips
807,Mayo
808,Bananas
808,Bread
808,Buns
808,Cheese
808,Chips
808,Mustard
809,Bologna
809,Buns
809,Butter
809,Cereal
809,Cheese
809,Chips
809,Eggs
809,Milk
809,Oranges
810,Bananas
810,Bread
810,Buns
810,Cereal
810,Cheese
810,Eggs
810,Milk
810,Mustard
810,Oranges
810,Pickles
811,Butter
811,Cheese
811,Chips
811,Eggs
811,Hotdogs
811,Oranges
812,Bread
812,Cereal
812,Cheese
812,Chips
812,Mayo
812,Milk
813,Bananas
813,Bologna
813,Buns
813,Butter
813,Cereal
813,Cheese
813,Eggs
813,Hotdogs
813,Mayo
813,Milk
814,Bologna
814,Bread
814,Butter
814,Eggs
814,Hotdogs
814,Mayo
815,Bananas
815,Bologna
815,Cereal
815,Cheese
815,Chips
816,Bananas
816,Bologna
816,Buns
816,Butter
816,Cereal
816,Cheese
816,Chips
816,Hotdogs
816,Mustard
816,Pickles
817,Bananas
817,Bread
817,Buns
817,Chips
817,Mayo
817,Soda
818,Bananas
818,Bread
818,Buns
818,Butter
818,Chips
818,Mustard
819,Bananas
819,Bread
819,Buns
819,Cereal
819,Cheese
819,Chips
819,Eggs
819,Mayo
819,Mustard
819,Pickles
820,Buns
820,Butter
820,Cereal
820,Cheese
820,Chips
820,Mayo
820,Oranges
821,Bananas
821,Bologna
821,Bread
821,Buns
821,Butter
821,Cereal
821,Cheese
821,Chips
821,Eggs
821,Milk
821,Oranges
821,Pickles
821,Soda
822,Bananas
822,Bologna
822,Bread
822,Buns
822,Butter
822,Cereal
822,Cheese
822,Chips
822,Eggs
822,Mayo
822,Milk
823,Cheese
823,Chips
823,Eggs
823,Milk
823,Mustard
823,Oranges
824,Bologna
824,Bread
824,Butter
824,Cheese
824,Chips
824,Eggs
824,Mayo
824,Mustard
824,Pickles
825,Bread
825,Buns
825,Chips
825,Eggs
825,Milk
827,Bananas
827,Bologna
827,Bread
827,Butter
827,Cheese
827,Chips
827,Mayo
827,Milk
827,Pickles
828,Buns
828,Cereal
828,Chips
828,Eggs
828,Oranges
829,Bologna
829,Butter
829,Hotdogs
830,Bread
830,Buns
830,Butter
830,Cheese
830,Mayo
830,Mustard
831,Bananas
831,Bread
831,Buns
831,Cereal
831,Cheese
831,Mustard
832,Bananas
832,Bologna
832,Bread
832,Buns
832,Butter
832,Chips
832,Eggs
832,Milk
833,Buns
833,Butter
833,Cheese
833,Chips
833,Pickles
834,Bananas
834,Bologna
834,Bread
834,Buns
834,Butter
834,Cheese
834,Hotdogs
835,Buns
835,Butter
835,Cheese
835,Hotdogs
835,Mayo
836,Bread
836,Butter
836,Cereal
836,Cheese
836,Chips
836,Hotdogs
836,Mayo
836,Milk
836,Mustard
836,Oranges
837,Bologna
837,Buns
837,Cereal
837,Cheese
837,Hotdogs
837,Milk
837,Mustard
837,Pickles
838,Bread
838,Butter
838,Cereal
838,Chips
838,Hotdogs
838,Mustard
839,Bananas
839,Bologna
839,Bread
839,Cereal
839,Cheese
839,Chips
839,Eggs
840,Bananas
840,Bologna
840,Butter
840,Cereal
840,Cheese
840,Chips
840,Hotdogs
840,Mayo
840,Oranges
841,Butter
841,Cheese
841,Eggs
842,Bologna
842,Cereal
842,Cheese
842,Chips
842,Eggs
842,Pickles
843,Bread
843,Chips
843,Hotdogs
844,Bananas
844,Cheese
844,Chips
844,Eggs
844,Mayo
844,Mustard
845,Bananas
845,Bologna
845,Buns
845,Butter
845,Cereal
845,Cheese
845,Chips
845,Mayo
845,Milk
845,Pickles
846,Bologna
846,Bread
846,Buns
846,Butter
846,Cereal
846,Cheese
846,Chips
846,Hotdogs
846,Mayo
846,Milk
846,Oranges
847,Bologna
847,Bread
847,Buns
847,Butter
847,Cereal
847,Chips
847,Eggs
847,Mayo
847,Milk
848,Bologna
848,Buns
848,Butter
848,Cheese
848,Pickles
849,Bananas
849,Bread
849,Butter
849,Cereal
849,Cheese
849,Hotdogs
850,Bologna
850,Bread
850,Buns
850,Butter
850,Cereal
850,Cheese
850,Chips
850,Eggs
850,Hotdogs
850,Mustard
850,Oranges
851,Bananas
851,Buns
851,Butter
851,Cereal
851,Cheese
851,Hotdogs
851,Mayo
851,Milk
852,Bologna
852,Bread
852,Buns
852,Cereal
852,Cheese
852,Chips
852,Eggs
852,Milk
852,Mustard
852,Oranges
853,Bananas
853,Bologna
853,Cheese
853,Chips
853,Mayo
854,Bananas
854,Bread
854,Butter
854,Cheese
854,Chips
854,Eggs
854,Hotdogs
855,Bread
855,Butter
855,Chips
855,Mayo
856,Bananas
856,Bologna
856,Butter
856,Cereal
856,Cheese
856,Milk
856,Oranges
857,Bananas
857,Bread
857,Butter
857,Cereal
857,Cheese
857,Chips
857,Eggs
857,Mayo
857,Mustard
858,Bologna
858,Butter
858,Cereal
858,Cheese
858,Eggs
858,Mayo
858,Milk
858,Pickles
859,Bananas
859,Bread
859,Butter
859,Cereal
859,Cheese
859,Chips
859,Hotdogs
859,Oranges
860,Bologna
860,Butter
860,Cheese
860,Chips
860,Oranges
860,Pickles
861,Bologna
861,Buns
861,Cereal
861,Chips
861,Mayo
861,Mustard
862,Butter
862,Cereal
862,Chips
862,Hotdogs
862,Milk
862,Mustard
863,Bananas
863,Bologna
863,Bread
863,Buns
863,Cereal
863,Chips
863,Mustard
864,Bananas
864,Bologna
864,Buns
864,Butter
864,Cereal
864,Chips
864,Eggs
864,Mayo
865,Bologna
865,Bread
865,Buns
865,Butter
865,Cereal
865,Cheese
865,Chips
865,Eggs
865,Hotdogs
865,Mayo
865,Milk
865,Mustard
866,Bananas
866,Chips
866,Eggs
866,Soda
867,Bananas
867,Bologna
867,Bread
867,Buns
867,Butter
867,Cereal
867,Cheese
867,Chips
867,Eggs
867,Hotdogs
867,Milk
868,Bananas
868,Bread
868,Buns
868,Cereal
868,Cheese
868,Chips
868,Eggs
868,Milk
868,Oranges
869,Bologna
869,Bread
869,Butter
869,Cereal
869,Cheese
869,Chips
869,Hotdogs
869,Mayo
869,Milk
869,Pickles
870,Bologna
870,Buns
870,Butter
870,Cereal
870,Cheese
870,Chips
870,Hotdogs
870,Mustard
871,Bread
871,Buns
871,Butter
871,Cereal
871,Cheese
871,Chips
871,Eggs
871,Mayo
871,Pickles
872,Bananas
872,Bologna
872,Buns
872,Butter
872,Cereal
872,Chips
872,Eggs
872,Hotdogs
873,Bread
873,Buns
873,Cereal
873,Cheese
873,Chips
873,Hotdogs
874,Bread
874,Butter
874,Cereal
874,Cheese
874,Chips
874,Eggs
874,Hotdogs
874,Mayo
874,Milk
874,Mustard
875,Bologna
875,Buns
875,Butter
875,Cheese
875,Chips
875,Eggs
875,Hotdogs
875,Mustard
876,Bananas
876,Bread
876,Buns
876,Cheese
876,Chips
876,Eggs
876,Hotdogs
876,Pickles
877,Bananas
877,Buns
877,Butter
877,Cereal
877,Cheese
877,Chips
877,Eggs
877,Mayo
877,Mustard
878,Bananas
878,Butter
878,Cheese
878,Chips
878,Eggs
878,Pickles
879,Bananas
879,Bologna
879,Buns
879,Butter
879,Chips
880,Bananas
880,Bread
880,Buns
880,Butter
880,Cereal
880,Cheese
880,Chips
880,Eggs
880,Milk
881,Bologna
881,Bread
881,Buns
881,Cereal
881,Cheese
881,Chips
881,Hotdogs
881,Mayo
881,Mustard
881,Oranges
882,Bananas
882,Bologna
882,Buns
882,Butter
882,Cereal
882,Cheese
882,Chips
882,Eggs
882,Oranges
882,Pickles
883,Bologna
883,Bread
883,Cereal
883,Hotdogs
884,Bread
884,Buns
884,Cheese
884,Chips
884,Hotdogs
884,Milk
885,Bologna
885,Bread
885,Buns
885,Butter
885,Cereal
885,Cheese
885,Chips
885,Hotdogs
885,Mayo
885,Milk
885,Oranges
885,Pickles
885,Soda
886,Bananas
886,Bologna
886,Bread
886,Buns
886,Cereal
886,Cheese
886,Chips
886,Eggs
887,Bologna
887,Buns
887,Butter
887,Cereal
887,Cheese
887,Chips
887,Eggs
887,Hotdogs
887,Mayo
888,Bread
888,Cereal
888,Hotdogs
888,Oranges
889,Bologna
889,Butter
889,Cheese
889,Chips
889,Mustard
889,Soda
890,Bananas
890,Bread
890,Cereal
890,Cheese
890,Oranges
891,Bananas
891,Bologna
891,Bread
891,Buns
891,Cereal
891,Cheese
891,Chips
891,Hotdogs
891,Oranges
892,Bologna
892,Buns
892,Cereal
892,Cheese
892,Chips
892,Eggs
892,Hotdogs
892,Milk
893,Bananas
893,Bologna
893,Butter
893,Cereal
893,Cheese
893,Chips
893,Oranges
893,Soda
894,Bread
894,Butter
894,Chips
894,Hotdogs
894,Mustard
895,Buns
895,Butter
895,Cereal
895,Cheese
895,Chips
895,Eggs
896,Bananas
896,Bologna
896,Bread
896,Buns
896,Butter
896,Chips
896,Hotdogs
896,Mayo
897,Buns
897,Butter
897,Cereal
897,Cheese
897,Chips
897,Eggs
897,Hotdogs
897,Mustard
898,Bologna
898,Bread
898,Buns
898,Butter
898,Cereal
898,Cheese
898,Mayo
898,Oranges
899,Bananas
899,Bread
899,Buns
899,Butter
899,Cereal
899,Cheese
899,Chips
899,Eggs
899,Mayo
899,Pickles
900,Buns
900,Butter
900,Chips
900,Eggs
900,Milk
900,Mustard
901,Bologna
901,Bread
901,Buns
901,Butter
901,Cereal
901,Chips
901,Mayo
901,Oranges
902,Bread
902,Cereal
903,Bologna
903,Buns
903,Cereal
903,Eggs
903,Hotdogs
904,Bananas
904,Bologna
904,Buns
904,Cereal
904,Cheese
904,Chips
905,Bologna
905,Cereal
905,Cheese
905,Chips
905,Hotdogs
905,Mustard
905,Pickles
906,Bread
906,Butter
906,Cereal
906,Cheese
906,Chips
906,Eggs
906,Hotdogs
906,Mustard
907,Bananas
907,Bologna
907,Buns
907,Cereal
907,Cheese
907,Chips
907,Milk
907,Mustard
908,Bananas
908,Bologna
908,Bread
908,Buns
908,Cereal
908,Cheese
908,Eggs
908,Hotdogs
908,Mayo
909,Bologna
909,Bread
909,Butter
909,Cereal
909,Cheese
909,Chips
909,Hotdogs
909,Milk
909,Mustard
909,Soda
910,Bananas
910,Buns
910,Butter
910,Cereal
910,Mayo
911,Bologna
911,Bread
911,Cereal
911,Cheese
911,Chips
911,Eggs
911,Hotdogs
912,Bologna
912,Bread
912,Cereal
912,Cheese
912,Chips
912,Hotdogs
912,Milk
912,Oranges
912,Soda
913,Bananas
913,Chips
914,Bread
914,Buns
914,Butter
914,Cereal
914,Cheese
914,Chips
914,Eggs
914,Hotdogs
914,Mayo
914,Oranges
915,Bread
915,Cheese
915,Eggs
915,Mustard
915,Pickles
916,Bologna
916,Bread
916,Buns
916,Butter
916,Cereal
916,Cheese
916,Chips
916,Eggs
916,Hotdogs
916,Mayo
916,Milk
917,Bananas
917,Butter
917,Cereal
917,Chips
917,Hotdogs
917,Milk
918,Bananas
918,Bread
918,Butter
918,Eggs
918,Mayo
919,Bologna
919,Bread
919,Buns
919,Butter
919,Cereal
919,Cheese
919,Chips
919,Hotdogs
919,Mayo
919,Milk
920,Bananas
920,Bologna
920,Bread
920,Cheese
920,Hotdogs
920,Mustard
921,Bologna
921,Bread
921,Cereal
921,Cheese
921,Chips
921,Eggs
921,Oranges
922,Bananas
922,Bologna
922,Bread
922,Buns
922,Cereal
922,Cheese
922,Chips
922,Eggs
922,Hotdogs
922,Oranges
923,Butter
923,Cereal
923,Cheese
923,Chips
923,Eggs
923,Milk
924,Bologna
924,Bread
924,Buns
924,Butter
924,Cereal
924,Cheese
924,Chips
924,Mustard
925,Bananas
925,Bread
925,Buns
925,Butter
925,Eggs
925,Milk
926,Bananas
926,Bologna
926,Bread
926,Buns
926,Cereal
926,Chips
927,Cheese
927,Pickles
928,Buns
928,Cereal
928,Cheese
928,Chips
928,Eggs
928,Mayo
928,Milk
929,Bananas
929,Bologna
929,Bread
929,Cheese
929,Chips
929,Hotdogs
929,Mustard
930,Bologna
930,Bread
930,Butter
930,Cereal
930,Cheese
930,Mayo
930,Oranges
931,Bread
931,Buns
931,Cheese
931,Chips
931,Eggs
931,Mayo
932,Cereal
932,Chips
932,Mayo
933,Bananas
933,Bread
933,Buns
933,Cereal
933,Cheese
933,Eggs
933,Milk
934,Bologna
934,Buns
934,Cheese
934,Chips
935,Bologna
935,Butter
935,Cheese
935,Chips
935,Eggs
935,Hotdogs
935,Mayo
935,Mustard
935,Pickles
936,Bananas
936,Bologna
936,Bread
936,Buns
936,Cereal
936,Cheese
936,Chips
936,Eggs
936,Oranges
936,Pickles
937,Bologna
937,Buns
937,Chips
937,Mustard
937,Soda
938,Bread
938,Cheese
938,Chips
938,Hotdogs
938,Pickles
939,Bananas
939,Bologna
939,Bread
939,Buns
939,Butter
939,Cereal
939,Cheese
939,Chips
939,Hotdogs
939,Mayo
940,Bologna
940,Cereal
940,Cheese
940,Chips
940,Oranges
940,Soda
941,Bananas
941,Bologna
941,Buns
941,Butter
941,Cereal
941,Cheese
941,Chips
941,Mustard
942,Bread
942,Butter
942,Cereal
942,Chips
942,Hotdogs
942,Mayo
942,Mustard
943,Bananas
943,Bologna
943,Bread
943,Butter
943,Cereal
943,Chips
943,Hotdogs
943,Mustard
943,Pickles
944,Bananas
944,Bologna
944,Cereal
944,Cheese
944,Mustard
945,Bananas
945,Bologna
945,Butter
945,Cheese
945,Chips
945,Hotdogs
945,Mustard
946,Bananas
946,Bologna
946,Buns
946,Cereal
946,Cheese
946,Chips
946,Eggs
946,Hotdogs
946,Mayo
946,Oranges
947,Butter
947,Cereal
947,Cheese
947,Milk
947,Mustard
947,Oranges
948,Bread
948,Buns
948,Chips
948,Hotdogs
948,Mayo
948,Milk
949,Bologna
949,Buns
949,Cheese
949,Milk
949,Pickles
950,Bananas
950,Bread
950,Cereal
950,Chips
950,Eggs
950,Milk
951,Butter
951,Cereal
951,Chips
951,Mayo
952,Butter
952,Cheese
952,Hotdogs
952,Oranges
953,Buns
953,Cereal
953,Cheese
953,Chips
953,Eggs
953,Mayo
953,Oranges
954,Bananas
954,Bread
954,Butter
954,Cereal
954,Cheese
954,Chips
954,Hotdogs
954,Milk
955,Bananas
955,Bread
955,Buns
955,Cereal
955,Cheese
955,Chips
955,Eggs
955,Mayo
955,Mustard
955,Oranges
956,Bananas
956,Bologna
956,Bread
956,Butter
956,Cereal
956,Cheese
956,Chips
956,Eggs
956,Milk
956,Mustard
957,Bologna
957,Bread
957,Buns
957,Butter
957,Cheese
957,Eggs
957,Hotdogs
957,Mayo
957,Milk
957,Pickles
958,Bologna
958,Butter
958,Chips
958,Hotdogs
958,Mustard
959,Bread
959,Butter
959,Cereal
959,Cheese
959,Chips
959,Eggs
959,Mayo
959,Oranges
959,Pickles
960,Bananas
960,Bread
960,Buns
960,Butter
960,Cheese
960,Chips
960,Eggs
960,Hotdogs
960,Pickles
961,Bananas
961,Bread
961,Buns
961,Butter
961,Cereal
961,Mayo
962,Bananas
962,Bologna
962,Bread
962,Buns
962,Butter
962,Cereal
962,Cheese
962,Chips
962,Eggs
962,Hotdogs
962,Oranges
963,Bananas
963,Bread
963,Butter
963,Cereal
963,Cheese
963,Chips
963,Eggs
963,Mayo
963,Milk
963,Oranges
964,Buns
964,Butter
964,Cereal
964,Chips
964,Mayo
964,Milk
965,Bananas
965,Bologna
965,Bread
965,Butter
965,Cereal
965,Cheese
965,Chips
965,Eggs
965,Hotdogs
965,Milk
966,Bananas
966,Bologna
966,Bread
966,Buns
966,Butter
966,Cheese
966,Chips
966,Eggs
966,Hotdogs
967,Bananas
967,Bologna
967,Bread
967,Butter
967,Chips
967,Milk
967,Oranges
968,Bread
968,Buns
969,Bologna
969,Bread
969,Buns
969,Butter
969,Cereal
969,Cheese
969,Hotdogs
969,Mayo
969,Milk
970,Bologna
970,Eggs
971,Bananas
971,Buns
971,Butter
971,Cheese
971,Chips
971,Hotdogs
972,Bananas
972,Buns
972,Butter
972,Cereal
972,Eggs
972,Milk
973,Bananas
973,Butter
973,Cereal
973,Milk
974,Butter
974,Cereal
974,Cheese
974,Chips
974,Eggs
974,Mayo
975,Butter
975,Cheese
975,Chips
975,Eggs
975,Hotdogs
975,Mayo
975,Milk
975,Mustard
976,Bananas
976,Bologna
976,Bread
976,Buns
976,Chips
976,Mayo
977,Bananas
977,Buns
977,Cheese
977,Mayo
977,Pickles
978,Bananas
978,Bread
978,Butter
978,Cereal
978,Cheese
978,Eggs
979,Bananas
979,Bologna
979,Butter
980,Bread
980,Cereal
980,Cheese
980,Chips
980,Mayo
980,Mustard
981,Bologna
981,Buns
981,Cereal
981,Chips
981,Eggs
981,Mayo
981,Milk
981,Oranges
982,Bananas
982,Bologna
982,Bread
982,Buns
982,Cereal
982,Chips
982,Eggs
982,Milk
983,Bananas
983,Bread
983,Buns
983,Cereal
983,Cheese
983,Chips
983,Hotdogs
983,Milk
984,Bread
984,Butter
984,Cereal
984,Mayo
985,Bologna
985,Bread
985,Butter
985,Cheese
985,Hotdogs
986,Buns
986,Butter
986,Cheese
986,Chips
986,Eggs
986,Hotdogs
986,Milk
987,Bologna
987,Buns
987,Cereal
987,Chips
987,Hotdogs
987,Oranges
988,Bologna
988,Bread
988,Cereal
988,Cheese
988,Milk
989,Bread
989,Buns
989,Butter
989,Chips
989,Hotdogs
989,Mayo
990,Bananas
990,Buns
990,Chips
991,Bread
991,Butter
991,Cereal
991,Cheese
991,Chips
992,Bananas
992,Bread
992,Buns
992,Butter
992,Cheese
992,Eggs
992,Mayo
992,Milk
993,Bananas
993,Bologna
993,Buns
993,Butter
993,Cereal
993,Cheese
993,Chips
993,Mayo
993,Milk
993,Pickles
994,Bologna
994,Bread
994,Buns
994,Butter
994,Cheese
994,Chips
994,Eggs
994,Hotdogs
994,Mayo
994,Milk
995,Bologna
995,Bread
995,Buns
995,Cereal
995,Cheese
995,Hotdogs
995,Mayo
995,Milk
996,Bread
996,Buns
996,Cheese
996,Chips
996,Eggs
996,Hotdogs
996,Mustard
996,Pickles
997,Butter
997,Cheese
997,Chips
997,Eggs
997,Mayo
998,Bananas
998,Bologna
998,Bread
998,Cheese
998,Chips
998,Hotdogs
999,Bologna
999,Bread
999,Buns
999,Cheese
999,Chips
999,Mayo
1000,Bologna
1000,Buns
1000,Cheese
1000,Chips
1000,Eggs
1000,Hotdogs
1000,Mustard
1000,Oranges
1000,Pickles
1000,Soda
